{
"meta":{"launch_mode":"Train","name":"experiment","iteration_count":1000,"learn_metrics":[{"best_value":"Max","name":"MultiClass"}],"test_sets":[],"test_metrics":[],"learn_sets":["learn"]},
"iterations":[
{"learn":[-3.474465781],"iteration":0,"passed_time":0.5635126826,"remaining_time":562.9491699},
{"learn":[-3.408647958],"iteration":1,"passed_time":1.200870006,"remaining_time":599.234133},
{"learn":[-3.352143921],"iteration":2,"passed_time":1.898469173,"remaining_time":630.9245883},
{"learn":[-3.299554014],"iteration":3,"passed_time":2.6291485,"remaining_time":654.6579766},
{"learn":[-3.253187682],"iteration":4,"passed_time":3.350371019,"remaining_time":666.7238328},
{"learn":[-3.211779372],"iteration":5,"passed_time":4.01846889,"remaining_time":665.7263461},
{"learn":[-3.174963563],"iteration":6,"passed_time":4.557344217,"remaining_time":646.4918297},
{"learn":[-3.141028118],"iteration":7,"passed_time":5.101985551,"remaining_time":632.6462084},
{"learn":[-3.109586263],"iteration":8,"passed_time":5.814954706,"remaining_time":640.2911238},
{"learn":[-3.08062516],"iteration":9,"passed_time":6.350043494,"remaining_time":628.6543059},
{"learn":[-3.053582266],"iteration":10,"passed_time":6.959433928,"remaining_time":625.7163777},
{"learn":[-3.027996866],"iteration":11,"passed_time":7.534149085,"remaining_time":620.311608},
{"learn":[-3.003627626],"iteration":12,"passed_time":8.292582922,"remaining_time":629.5984111},
{"learn":[-2.981561261],"iteration":13,"passed_time":9.073164351,"remaining_time":639.0100036},
{"learn":[-2.960650523],"iteration":14,"passed_time":9.922919511,"remaining_time":651.6050479},
{"learn":[-2.940884396],"iteration":15,"passed_time":10.61097269,"remaining_time":652.5748203},
{"learn":[-2.922370426],"iteration":16,"passed_time":11.37506997,"remaining_time":657.7466932},
{"learn":[-2.905230928],"iteration":17,"passed_time":11.97334625,"remaining_time":653.2125563},
{"learn":[-2.88847837],"iteration":18,"passed_time":12.74049975,"remaining_time":657.8121185},
{"learn":[-2.873118211],"iteration":19,"passed_time":13.54981233,"remaining_time":663.9408041},
{"learn":[-2.858041596],"iteration":20,"passed_time":14.30767459,"remaining_time":667.0101629},
{"learn":[-2.843695391],"iteration":21,"passed_time":14.95083542,"remaining_time":664.6325928},
{"learn":[-2.830570432],"iteration":22,"passed_time":15.59581317,"remaining_time":662.4830205},
{"learn":[-2.817890595],"iteration":23,"passed_time":16.26521641,"remaining_time":661.452134},
{"learn":[-2.805604628],"iteration":24,"passed_time":16.92383435,"remaining_time":660.0295395},
{"learn":[-2.794403784],"iteration":25,"passed_time":17.46059592,"remaining_time":654.1007856},
{"learn":[-2.782922239],"iteration":26,"passed_time":18.18062223,"remaining_time":655.1757565},
{"learn":[-2.772106838],"iteration":27,"passed_time":18.84076184,"remaining_time":654.0435895},
{"learn":[-2.762060965],"iteration":28,"passed_time":19.44116227,"remaining_time":650.9437436},
{"learn":[-2.75232335],"iteration":29,"passed_time":20.15995229,"remaining_time":651.8384573},
{"learn":[-2.742755359],"iteration":30,"passed_time":20.83431844,"remaining_time":651.24047},
{"learn":[-2.73427155],"iteration":31,"passed_time":21.38927203,"remaining_time":647.025479},
{"learn":[-2.725559544],"iteration":32,"passed_time":22.04685275,"remaining_time":646.0395943},
{"learn":[-2.717836157],"iteration":33,"passed_time":22.55297273,"remaining_time":640.7697546},
{"learn":[-2.710125497],"iteration":34,"passed_time":23.1752276,"remaining_time":638.9741324},
{"learn":[-2.702623915],"iteration":35,"passed_time":23.853899,"remaining_time":638.7544067},
{"learn":[-2.695874591],"iteration":36,"passed_time":24.45181837,"remaining_time":636.4081375},
{"learn":[-2.689393845],"iteration":37,"passed_time":24.98325175,"remaining_time":632.4707416},
{"learn":[-2.682538028],"iteration":38,"passed_time":25.79155544,"remaining_time":635.5303789},
{"learn":[-2.67653227],"iteration":39,"passed_time":26.38514315,"remaining_time":633.2434355},
{"learn":[-2.670742565],"iteration":40,"passed_time":26.93182434,"remaining_time":629.9419401},
{"learn":[-2.665260579],"iteration":41,"passed_time":27.47235868,"remaining_time":626.6314195},
{"learn":[-2.659810992],"iteration":42,"passed_time":28.0623908,"remaining_time":624.5513487},
{"learn":[-2.654937838],"iteration":43,"passed_time":28.57665417,"remaining_time":620.8927588},
{"learn":[-2.650401617],"iteration":44,"passed_time":29.08155367,"remaining_time":617.1751946},
{"learn":[-2.645317804],"iteration":45,"passed_time":29.64538676,"remaining_time":614.8195429},
{"learn":[-2.64067616],"iteration":46,"passed_time":30.32925005,"remaining_time":614.9739425},
{"learn":[-2.636232513],"iteration":47,"passed_time":30.93212029,"remaining_time":613.4870524},
{"learn":[-2.632160792],"iteration":48,"passed_time":31.52144155,"remaining_time":611.773284},
{"learn":[-2.627630096],"iteration":49,"passed_time":32.22647404,"remaining_time":612.3030067},
{"learn":[-2.623385642],"iteration":50,"passed_time":32.81205104,"remaining_time":610.5614987},
{"learn":[-2.618913682],"iteration":51,"passed_time":33.51143581,"remaining_time":610.9392528},
{"learn":[-2.614944195],"iteration":52,"passed_time":34.23520042,"remaining_time":611.7119773},
{"learn":[-2.610970476],"iteration":53,"passed_time":34.84687895,"remaining_time":610.4656942},
{"learn":[-2.607650016],"iteration":54,"passed_time":35.37331797,"remaining_time":607.7779178},
{"learn":[-2.604745712],"iteration":55,"passed_time":35.91205909,"remaining_time":605.3747104},
{"learn":[-2.601407457],"iteration":56,"passed_time":36.52908147,"remaining_time":604.331997},
{"learn":[-2.597772503],"iteration":57,"passed_time":37.18413713,"remaining_time":603.9216754},
{"learn":[-2.594834384],"iteration":58,"passed_time":37.74346657,"remaining_time":601.9763058},
{"learn":[-2.591619451],"iteration":59,"passed_time":38.40035523,"remaining_time":601.6055653},
{"learn":[-2.588484914],"iteration":60,"passed_time":39.06704246,"remaining_time":601.3762766},
{"learn":[-2.585477295],"iteration":61,"passed_time":39.70697185,"remaining_time":600.728058},
{"learn":[-2.582224239],"iteration":62,"passed_time":40.43000807,"remaining_time":601.3161518},
{"learn":[-2.579900906],"iteration":63,"passed_time":40.9573216,"remaining_time":599.0008285},
{"learn":[-2.576822592],"iteration":64,"passed_time":41.59452995,"remaining_time":598.3213154},
{"learn":[-2.573977276],"iteration":65,"passed_time":42.2046346,"remaining_time":597.2595259},
{"learn":[-2.571479049],"iteration":66,"passed_time":42.78530102,"remaining_time":595.8012814},
{"learn":[-2.568687685],"iteration":67,"passed_time":43.48576509,"remaining_time":596.0107803},
{"learn":[-2.565883533],"iteration":68,"passed_time":44.11751289,"remaining_time":595.2667319},
{"learn":[-2.563535041],"iteration":69,"passed_time":44.65445427,"remaining_time":593.266321},
{"learn":[-2.561252009],"iteration":70,"passed_time":45.33531634,"remaining_time":593.1902659},
{"learn":[-2.559398153],"iteration":71,"passed_time":45.96990436,"remaining_time":592.5009895},
{"learn":[-2.557016689],"iteration":72,"passed_time":46.6686471,"remaining_time":592.6278885},
{"learn":[-2.555082176],"iteration":73,"passed_time":47.29467254,"remaining_time":591.822524},
{"learn":[-2.553657961],"iteration":74,"passed_time":47.79953487,"remaining_time":589.5275967},
{"learn":[-2.55189042],"iteration":75,"passed_time":48.45758038,"remaining_time":589.1421615},
{"learn":[-2.550256943],"iteration":76,"passed_time":48.9832438,"remaining_time":587.1627796},
{"learn":[-2.54823771],"iteration":77,"passed_time":49.65406214,"remaining_time":586.9364781},
{"learn":[-2.546844893],"iteration":78,"passed_time":50.24559689,"remaining_time":585.7746169},
{"learn":[-2.545175452],"iteration":79,"passed_time":50.86360437,"remaining_time":584.9314503},
{"learn":[-2.543960204],"iteration":80,"passed_time":51.38931512,"remaining_time":583.046674},
{"learn":[-2.542655751],"iteration":81,"passed_time":51.92798202,"remaining_time":581.3400914},
{"learn":[-2.541083357],"iteration":82,"passed_time":52.6022818,"remaining_time":581.1601496},
{"learn":[-2.539308287],"iteration":83,"passed_time":53.28402773,"remaining_time":581.0496357},
{"learn":[-2.537717273],"iteration":84,"passed_time":53.91199309,"remaining_time":580.3467491},
{"learn":[-2.535587747],"iteration":85,"passed_time":54.56617751,"remaining_time":579.9242587},
{"learn":[-2.534122554],"iteration":86,"passed_time":55.23635736,"remaining_time":579.664302},
{"learn":[-2.533018554],"iteration":87,"passed_time":55.77252625,"remaining_time":578.0061811},
{"learn":[-2.531128684],"iteration":88,"passed_time":56.41461038,"remaining_time":577.4574164},
{"learn":[-2.529138374],"iteration":89,"passed_time":57.10554764,"remaining_time":577.4005373},
{"learn":[-2.528261432],"iteration":90,"passed_time":57.65927462,"remaining_time":575.9591278},
{"learn":[-2.526610254],"iteration":91,"passed_time":58.3587341,"remaining_time":575.9753323},
{"learn":[-2.524730142],"iteration":92,"passed_time":59.01840526,"remaining_time":575.5881029},
{"learn":[-2.522942706],"iteration":93,"passed_time":59.69640405,"remaining_time":575.3717242},
{"learn":[-2.521495542],"iteration":94,"passed_time":60.36242604,"remaining_time":575.0315323},
{"learn":[-2.519718839],"iteration":95,"passed_time":61.03233524,"remaining_time":574.7211568},
{"learn":[-2.518278585],"iteration":96,"passed_time":61.76871989,"remaining_time":575.0222069},
{"learn":[-2.517327282],"iteration":97,"passed_time":62.41978063,"remaining_time":574.5167564},
{"learn":[-2.516664283],"iteration":98,"passed_time":62.99625555,"remaining_time":573.3295581},
{"learn":[-2.515380989],"iteration":99,"passed_time":63.70005707,"remaining_time":573.3005136},
{"learn":[-2.51398114],"iteration":100,"passed_time":64.403487,"remaining_time":573.2548001},
{"learn":[-2.512797216],"iteration":101,"passed_time":65.07146448,"remaining_time":572.8840696},
{"learn":[-2.512256301],"iteration":102,"passed_time":65.63813067,"remaining_time":571.6252739},
{"learn":[-2.511539311],"iteration":103,"passed_time":66.19043008,"remaining_time":570.256013},
{"learn":[-2.510151688],"iteration":104,"passed_time":66.91725628,"remaining_time":570.3899464},
{"learn":[-2.50863302],"iteration":105,"passed_time":67.6297498,"remaining_time":570.3867577},
{"learn":[-2.507560455],"iteration":106,"passed_time":68.36693276,"remaining_time":570.576364},
{"learn":[-2.505911822],"iteration":107,"passed_time":69.03898096,"remaining_time":570.2108427},
{"learn":[-2.504882283],"iteration":108,"passed_time":69.75223619,"remaining_time":570.1765362},
{"learn":[-2.503773705],"iteration":109,"passed_time":70.44150154,"remaining_time":569.9357852},
{"learn":[-2.503134635],"iteration":110,"passed_time":71.07749356,"remaining_time":569.2602863},
{"learn":[-2.501653335],"iteration":111,"passed_time":71.80604813,"remaining_time":569.3193816},
{"learn":[-2.501258886],"iteration":112,"passed_time":72.31956806,"remaining_time":567.6766095},
{"learn":[-2.500117535],"iteration":113,"passed_time":73.04615497,"remaining_time":567.7095904},
{"learn":[-2.499369672],"iteration":114,"passed_time":73.63457527,"remaining_time":566.6660793},
{"learn":[-2.498788275],"iteration":115,"passed_time":74.1879035,"remaining_time":565.3629888},
{"learn":[-2.498244606],"iteration":116,"passed_time":74.72641166,"remaining_time":563.9608675},
{"learn":[-2.497235646],"iteration":117,"passed_time":75.32697713,"remaining_time":563.0372359},
{"learn":[-2.496375959],"iteration":118,"passed_time":75.99895646,"remaining_time":562.6477365},
{"learn":[-2.49559742],"iteration":119,"passed_time":76.66749847,"remaining_time":562.2283221},
{"learn":[-2.494492633],"iteration":120,"passed_time":77.3394872,"remaining_time":561.8298285},
{"learn":[-2.493449149],"iteration":121,"passed_time":77.99564377,"remaining_time":561.3129117},
{"learn":[-2.492446273],"iteration":122,"passed_time":78.72698954,"remaining_time":561.329836},
{"learn":[-2.491906667],"iteration":123,"passed_time":79.27135611,"remaining_time":560.0137738},
{"learn":[-2.490968374],"iteration":124,"passed_time":79.98897453,"remaining_time":559.9228217},
{"learn":[-2.490672765],"iteration":125,"passed_time":80.55764902,"remaining_time":558.7887717},
{"learn":[-2.490260608],"iteration":126,"passed_time":81.12429176,"remaining_time":557.6496591},
{"learn":[-2.489139659],"iteration":127,"passed_time":81.77161385,"remaining_time":557.0691193},
{"learn":[-2.488282833],"iteration":128,"passed_time":82.41730873,"remaining_time":556.4765574},
{"learn":[-2.487105262],"iteration":129,"passed_time":83.15743468,"remaining_time":556.5151398},
{"learn":[-2.486013446],"iteration":130,"passed_time":83.82969762,"remaining_time":556.0916583},
{"learn":[-2.485006953],"iteration":131,"passed_time":84.54896791,"remaining_time":555.9735163},
{"learn":[-2.484418546],"iteration":132,"passed_time":85.14228076,"remaining_time":555.0252437},
{"learn":[-2.483564769],"iteration":133,"passed_time":85.82417649,"remaining_time":554.6547526},
{"learn":[-2.482824314],"iteration":134,"passed_time":86.48973878,"remaining_time":554.1749929},
{"learn":[-2.4826004],"iteration":135,"passed_time":87.03080528,"remaining_time":552.9015865},
{"learn":[-2.481796135],"iteration":136,"passed_time":87.75082844,"remaining_time":552.7661675},
{"learn":[-2.481152063],"iteration":137,"passed_time":88.36260464,"remaining_time":551.9461246},
{"learn":[-2.480514536],"iteration":138,"passed_time":89.01233827,"remaining_time":551.3641961},
{"learn":[-2.480220369],"iteration":139,"passed_time":89.52540004,"remaining_time":549.9417431},
{"learn":[-2.479383478],"iteration":140,"passed_time":90.19005464,"remaining_time":549.455723},
{"learn":[-2.478195577],"iteration":141,"passed_time":90.83989203,"remaining_time":548.8776575},
{"learn":[-2.477282653],"iteration":142,"passed_time":91.57298987,"remaining_time":548.7975686},
{"learn":[-2.476476129],"iteration":143,"passed_time":92.24099607,"remaining_time":548.3214766},
{"learn":[-2.47570425],"iteration":144,"passed_time":92.95717118,"remaining_time":548.126768},
{"learn":[-2.475533518],"iteration":145,"passed_time":93.5155085,"remaining_time":547.001673},
{"learn":[-2.474699004],"iteration":146,"passed_time":94.15854827,"remaining_time":546.3757937},
{"learn":[-2.474168927],"iteration":147,"passed_time":94.81963745,"remaining_time":545.8535885},
{"learn":[-2.473972093],"iteration":148,"passed_time":95.33042654,"remaining_time":544.4710939},
{"learn":[-2.473002195],"iteration":149,"passed_time":95.97722657,"remaining_time":543.8709506},
{"learn":[-2.472260403],"iteration":150,"passed_time":96.68311214,"remaining_time":543.6023987},
{"learn":[-2.471776383],"iteration":151,"passed_time":97.35131921,"remaining_time":543.1178861},
{"learn":[-2.471079312],"iteration":152,"passed_time":98.02984801,"remaining_time":542.6881129},
{"learn":[-2.470578685],"iteration":153,"passed_time":98.7569623,"remaining_time":542.5220137},
{"learn":[-2.469667772],"iteration":154,"passed_time":99.41911091,"remaining_time":541.9945078},
{"learn":[-2.469458105],"iteration":155,"passed_time":100.0026514,"remaining_time":541.0399856},
{"learn":[-2.468527871],"iteration":156,"passed_time":100.6931383,"remaining_time":540.6644305},
{"learn":[-2.468170513],"iteration":157,"passed_time":101.2688557,"remaining_time":539.6732689},
{"learn":[-2.467382552],"iteration":158,"passed_time":101.9728349,"remaining_time":539.3657492},
{"learn":[-2.466395736],"iteration":159,"passed_time":102.692419,"remaining_time":539.1351997},
{"learn":[-2.465262036],"iteration":160,"passed_time":103.3688319,"remaining_time":538.6736023},
{"learn":[-2.464796826],"iteration":161,"passed_time":103.9681704,"remaining_time":537.8106594},
{"learn":[-2.463989575],"iteration":162,"passed_time":104.6048029,"remaining_time":537.1424544},
{"learn":[-2.46346434],"iteration":163,"passed_time":105.2527804,"remaining_time":536.532466},
{"learn":[-2.462860548],"iteration":164,"passed_time":105.9366365,"remaining_time":536.1035849},
{"learn":[-2.462353101],"iteration":165,"passed_time":106.602714,"remaining_time":535.5823099},
{"learn":[-2.461780006],"iteration":166,"passed_time":107.2258493,"remaining_time":534.8451044},
{"learn":[-2.461443959],"iteration":167,"passed_time":107.8339462,"remaining_time":534.0347809},
{"learn":[-2.46130936],"iteration":168,"passed_time":108.34607,"remaining_time":532.7549358},
{"learn":[-2.460743398],"iteration":169,"passed_time":109.0861978,"remaining_time":532.5973186},
{"learn":[-2.460015431],"iteration":170,"passed_time":109.7099618,"remaining_time":531.868762},
{"learn":[-2.459595241],"iteration":171,"passed_time":110.2917811,"remaining_time":530.9395043},
{"learn":[-2.45941227],"iteration":172,"passed_time":110.8593736,"remaining_time":529.9462541},
{"learn":[-2.458683665],"iteration":173,"passed_time":111.5077561,"remaining_time":529.3414169},
{"learn":[-2.458355964],"iteration":174,"passed_time":112.1633619,"remaining_time":528.7701345},
{"learn":[-2.458028651],"iteration":175,"passed_time":112.7367299,"remaining_time":527.8128719},
{"learn":[-2.457707784],"iteration":176,"passed_time":113.4303876,"remaining_time":527.41926},
{"learn":[-2.456867551],"iteration":177,"passed_time":114.1047611,"remaining_time":526.9332226},
{"learn":[-2.456023778],"iteration":178,"passed_time":114.8285641,"remaining_time":526.671794},
{"learn":[-2.455623243],"iteration":179,"passed_time":115.4946182,"remaining_time":526.1421495},
{"learn":[-2.45476572],"iteration":180,"passed_time":116.2084533,"remaining_time":525.8272004},
{"learn":[-2.454691227],"iteration":181,"passed_time":116.7723866,"remaining_time":524.8341331},
{"learn":[-2.453995552],"iteration":182,"passed_time":117.4772781,"remaining_time":524.4750613},
{"learn":[-2.45314044],"iteration":183,"passed_time":118.1802631,"remaining_time":524.1037756},
{"learn":[-2.452372362],"iteration":184,"passed_time":118.8846703,"remaining_time":523.7351693},
{"learn":[-2.451713486],"iteration":185,"passed_time":119.601773,"remaining_time":523.4185121},
{"learn":[-2.450848256],"iteration":186,"passed_time":120.2513042,"remaining_time":522.8037986},
{"learn":[-2.450781888],"iteration":187,"passed_time":120.8178545,"remaining_time":521.8303079},
{"learn":[-2.450230182],"iteration":188,"passed_time":121.4724372,"remaining_time":521.2388706},
{"learn":[-2.449799217],"iteration":189,"passed_time":122.1400923,"remaining_time":520.7024989},
{"learn":[-2.449658065],"iteration":190,"passed_time":122.6883269,"remaining_time":519.6589344},
{"learn":[-2.449565017],"iteration":191,"passed_time":123.2761478,"remaining_time":518.7871219},
{"learn":[-2.449434009],"iteration":192,"passed_time":123.9875068,"remaining_time":518.4348081},
{"learn":[-2.449256022],"iteration":193,"passed_time":124.5240988,"remaining_time":517.352699},
{"learn":[-2.448732884],"iteration":194,"passed_time":125.2049413,"remaining_time":516.8716807},
{"learn":[-2.448271984],"iteration":195,"passed_time":125.8460976,"remaining_time":516.2258291},
{"learn":[-2.447411541],"iteration":196,"passed_time":126.4998939,"remaining_time":515.6315472},
{"learn":[-2.446619664],"iteration":197,"passed_time":127.1975715,"remaining_time":515.2144059},
{"learn":[-2.445667639],"iteration":198,"passed_time":127.956033,"remaining_time":515.0391078},
{"learn":[-2.4452755],"iteration":199,"passed_time":128.727489,"remaining_time":514.9099561},
{"learn":[-2.444724839],"iteration":200,"passed_time":129.4886684,"remaining_time":514.7335624},
{"learn":[-2.443977668],"iteration":201,"passed_time":130.2677892,"remaining_time":514.6222563},
{"learn":[-2.443645891],"iteration":202,"passed_time":130.9535637,"remaining_time":514.1378831},
{"learn":[-2.443153703],"iteration":203,"passed_time":131.7180442,"remaining_time":513.958643},
{"learn":[-2.443018076],"iteration":204,"passed_time":132.2900358,"remaining_time":513.027212},
{"learn":[-2.442254206],"iteration":205,"passed_time":132.9372406,"remaining_time":512.3891701},
{"learn":[-2.441939131],"iteration":206,"passed_time":133.5497569,"remaining_time":511.6181509},
{"learn":[-2.441455792],"iteration":207,"passed_time":134.1989901,"remaining_time":510.9884624},
{"learn":[-2.441413242],"iteration":208,"passed_time":134.768765,"remaining_time":510.0578617},
{"learn":[-2.440766166],"iteration":209,"passed_time":135.4477952,"remaining_time":509.5417057},
{"learn":[-2.440345232],"iteration":210,"passed_time":136.1866889,"remaining_time":509.2478555},
{"learn":[-2.440296703],"iteration":211,"passed_time":136.7437792,"remaining_time":508.2740473},
{"learn":[-2.440027632],"iteration":212,"passed_time":137.4090445,"remaining_time":507.7038405},
{"learn":[-2.439580709],"iteration":213,"passed_time":138.1816783,"remaining_time":507.5270987},
{"learn":[-2.438996208],"iteration":214,"passed_time":138.8721836,"remaining_time":507.0449494},
{"learn":[-2.438172496],"iteration":215,"passed_time":139.6182417,"remaining_time":506.7625069},
{"learn":[-2.437686673],"iteration":216,"passed_time":140.3727151,"remaining_time":506.5061563},
{"learn":[-2.43725844],"iteration":217,"passed_time":141.1231754,"remaining_time":506.23084},
{"learn":[-2.437162676],"iteration":218,"passed_time":141.7767942,"remaining_time":505.6058277},
{"learn":[-2.436740047],"iteration":219,"passed_time":142.4957309,"remaining_time":505.2121367},
{"learn":[-2.436632814],"iteration":220,"passed_time":143.0529926,"remaining_time":504.2456163},
{"learn":[-2.43633134],"iteration":221,"passed_time":143.6936854,"remaining_time":503.5751676},
{"learn":[-2.436089951],"iteration":222,"passed_time":144.3201618,"remaining_time":502.8554517},
{"learn":[-2.435832815],"iteration":223,"passed_time":145.0200909,"remaining_time":502.391029},
{"learn":[-2.435559172],"iteration":224,"passed_time":145.5684043,"remaining_time":501.4022815},
{"learn":[-2.434902504],"iteration":225,"passed_time":146.2215518,"remaining_time":500.776465},
{"learn":[-2.43464818],"iteration":226,"passed_time":146.8485468,"remaining_time":500.0613509},
{"learn":[-2.434188207],"iteration":227,"passed_time":147.5130098,"remaining_time":499.4738753},
{"learn":[-2.433950011],"iteration":228,"passed_time":148.0982753,"remaining_time":498.6190842},
{"learn":[-2.433632064],"iteration":229,"passed_time":148.759349,"remaining_time":498.0204294},
{"learn":[-2.433006193],"iteration":230,"passed_time":149.4308147,"remaining_time":497.455829},
{"learn":[-2.432466937],"iteration":231,"passed_time":150.0633659,"remaining_time":496.7614872},
{"learn":[-2.432178641],"iteration":232,"passed_time":150.6452877,"remaining_time":495.9010114},
{"learn":[-2.432151999],"iteration":233,"passed_time":151.260983,"remaining_time":495.1534741},
{"learn":[-2.43166587],"iteration":234,"passed_time":152.0575791,"remaining_time":494.9959489},
{"learn":[-2.431295094],"iteration":235,"passed_time":152.8454308,"remaining_time":494.8046997},
{"learn":[-2.43037099],"iteration":236,"passed_time":153.605305,"remaining_time":494.5183448},
{"learn":[-2.429773728],"iteration":237,"passed_time":154.2730238,"remaining_time":493.9329586},
{"learn":[-2.429419579],"iteration":238,"passed_time":155.1510723,"remaining_time":494.0165944},
{"learn":[-2.428577907],"iteration":239,"passed_time":155.9116285,"remaining_time":493.7201571},
{"learn":[-2.428132606],"iteration":240,"passed_time":156.67727,"remaining_time":493.4358834},
{"learn":[-2.427913871],"iteration":241,"passed_time":157.3417554,"remaining_time":492.8307876},
{"learn":[-2.42788258],"iteration":242,"passed_time":158.0308494,"remaining_time":492.301864},
{"learn":[-2.427390742],"iteration":243,"passed_time":158.7475116,"remaining_time":491.857044},
{"learn":[-2.427367853],"iteration":244,"passed_time":159.3063158,"remaining_time":490.9235446},
{"learn":[-2.426874952],"iteration":245,"passed_time":160.0744632,"remaining_time":490.6347368},
{"learn":[-2.426401801],"iteration":246,"passed_time":160.8146434,"remaining_time":490.2567875},
{"learn":[-2.425904027],"iteration":247,"passed_time":161.4951125,"remaining_time":489.6948571},
{"learn":[-2.425323508],"iteration":248,"passed_time":162.1654525,"remaining_time":489.1014251},
{"learn":[-2.424670698],"iteration":249,"passed_time":162.8218197,"remaining_time":488.465459},
{"learn":[-2.424257954],"iteration":250,"passed_time":163.483486,"remaining_time":487.8451434},
{"learn":[-2.424210884],"iteration":251,"passed_time":164.0284331,"remaining_time":486.8780474},
{"learn":[-2.424160152],"iteration":252,"passed_time":164.5540733,"remaining_time":485.8572837},
{"learn":[-2.42376548],"iteration":253,"passed_time":165.201176,"remaining_time":485.1971546},
{"learn":[-2.423438068],"iteration":254,"passed_time":165.8594853,"remaining_time":484.5698689},
{"learn":[-2.423239751],"iteration":255,"passed_time":166.5520828,"remaining_time":484.0419907},
{"learn":[-2.422812909],"iteration":256,"passed_time":167.1945212,"remaining_time":483.3678182},
{"learn":[-2.422507289],"iteration":257,"passed_time":167.8439072,"remaining_time":482.7138727},
{"learn":[-2.422003221],"iteration":258,"passed_time":168.5235413,"remaining_time":482.1465023},
{"learn":[-2.421765223],"iteration":259,"passed_time":169.0530791,"remaining_time":481.1510712},
{"learn":[-2.421426642],"iteration":260,"passed_time":169.6914088,"remaining_time":480.4672456},
{"learn":[-2.420821389],"iteration":261,"passed_time":170.4363525,"remaining_time":480.0840768},
{"learn":[-2.420305605],"iteration":262,"passed_time":171.1716333,"remaining_time":479.6710787},
{"learn":[-2.419678663],"iteration":263,"passed_time":171.8244675,"remaining_time":479.0257883},
{"learn":[-2.419528075],"iteration":264,"passed_time":172.4893127,"remaining_time":478.413754},
{"learn":[-2.419396662],"iteration":265,"passed_time":173.0926631,"remaining_time":477.6316343},
{"learn":[-2.419167506],"iteration":266,"passed_time":173.7093481,"remaining_time":476.8874613},
{"learn":[-2.418614867],"iteration":267,"passed_time":174.3329934,"remaining_time":476.1632506},
{"learn":[-2.418526937],"iteration":268,"passed_time":174.9001977,"remaining_time":475.2864109},
{"learn":[-2.418244011],"iteration":269,"passed_time":175.4658953,"remaining_time":474.407791},
{"learn":[-2.417875538],"iteration":270,"passed_time":176.1780399,"remaining_time":473.9254283},
{"learn":[-2.417664655],"iteration":271,"passed_time":176.8078338,"remaining_time":473.2209669},
{"learn":[-2.417421967],"iteration":272,"passed_time":177.4506075,"remaining_time":472.5516179},
{"learn":[-2.416920083],"iteration":273,"passed_time":178.1008861,"remaining_time":471.9023478},
{"learn":[-2.416536056],"iteration":274,"passed_time":178.7723801,"remaining_time":471.3090022},
{"learn":[-2.416124977],"iteration":275,"passed_time":179.4097396,"remaining_time":470.6255489},
{"learn":[-2.415377654],"iteration":276,"passed_time":180.0822658,"remaining_time":470.0342173},
{"learn":[-2.41526091],"iteration":277,"passed_time":180.6984866,"remaining_time":469.2960694},
{"learn":[-2.41469263],"iteration":278,"passed_time":181.4229295,"remaining_time":468.8384665},
{"learn":[-2.414626531],"iteration":279,"passed_time":182.0121696,"remaining_time":468.0312933},
{"learn":[-2.414613006],"iteration":280,"passed_time":182.5921358,"remaining_time":467.2019417},
{"learn":[-2.41452281],"iteration":281,"passed_time":183.1515502,"remaining_time":466.3220321},
{"learn":[-2.414220488],"iteration":282,"passed_time":183.7756557,"remaining_time":465.6082868},
{"learn":[-2.413895171],"iteration":283,"passed_time":184.4286554,"remaining_time":464.9680184},
{"learn":[-2.413192637],"iteration":284,"passed_time":185.1341531,"remaining_time":464.4593665},
{"learn":[-2.413051746],"iteration":285,"passed_time":185.791607,"remaining_time":463.8293965},
{"learn":[-2.412794876],"iteration":286,"passed_time":186.4531557,"remaining_time":463.2094076},
{"learn":[-2.412402982],"iteration":287,"passed_time":187.1131707,"remaining_time":462.5853386},
{"learn":[-2.411812182],"iteration":288,"passed_time":187.7839594,"remaining_time":461.9875265},
{"learn":[-2.411762009],"iteration":289,"passed_time":188.3798109,"remaining_time":461.2057439},
{"learn":[-2.411723676],"iteration":290,"passed_time":188.9074705,"remaining_time":460.2590948},
{"learn":[-2.411665652],"iteration":291,"passed_time":189.5353092,"remaining_time":459.5582155},
{"learn":[-2.411435653],"iteration":292,"passed_time":190.2116195,"remaining_time":458.9747951},
{"learn":[-2.411024711],"iteration":293,"passed_time":190.893499,"remaining_time":458.4041167},
{"learn":[-2.410415403],"iteration":294,"passed_time":191.6201764,"remaining_time":457.9397437},
{"learn":[-2.410347867],"iteration":295,"passed_time":192.2023502,"remaining_time":457.1299139},
{"learn":[-2.409718994],"iteration":296,"passed_time":192.9336947,"remaining_time":456.674705},
{"learn":[-2.409579796],"iteration":297,"passed_time":193.5669907,"remaining_time":455.9866693},
{"learn":[-2.409083579],"iteration":298,"passed_time":194.2809596,"remaining_time":455.4881362},
{"learn":[-2.408857776],"iteration":299,"passed_time":194.94018,"remaining_time":454.8604201},
{"learn":[-2.408401843],"iteration":300,"passed_time":195.6159179,"remaining_time":454.2708526},
{"learn":[-2.408339374],"iteration":301,"passed_time":196.1758214,"remaining_time":453.4129913},
{"learn":[-2.407830634],"iteration":302,"passed_time":196.8637942,"remaining_time":452.8516983},
{"learn":[-2.407531932],"iteration":303,"passed_time":197.5252863,"remaining_time":452.2289449},
{"learn":[-2.40729471],"iteration":304,"passed_time":198.2539955,"remaining_time":451.7591046},
{"learn":[-2.407211008],"iteration":305,"passed_time":198.7900144,"remaining_time":450.8505556},
{"learn":[-2.406794152],"iteration":306,"passed_time":199.4513859,"remaining_time":450.2273955},
{"learn":[-2.406474765],"iteration":307,"passed_time":200.1591151,"remaining_time":449.7081417},
{"learn":[-2.406411811],"iteration":308,"passed_time":200.6863577,"remaining_time":448.7840556},
{"learn":[-2.40629082],"iteration":309,"passed_time":201.241377,"remaining_time":447.9243553},
{"learn":[-2.405936599],"iteration":310,"passed_time":201.9140665,"remaining_time":447.327305},
{"learn":[-2.405755695],"iteration":311,"passed_time":202.4812732,"remaining_time":446.4971665},
{"learn":[-2.405478397],"iteration":312,"passed_time":203.1848428,"remaining_time":445.9680097},
{"learn":[-2.405140136],"iteration":313,"passed_time":203.8099782,"remaining_time":445.2663854},
{"learn":[-2.404778235],"iteration":314,"passed_time":204.5383932,"remaining_time":444.7898391},
{"learn":[-2.404531081],"iteration":315,"passed_time":205.0953329,"remaining_time":443.9405308},
{"learn":[-2.404139169],"iteration":316,"passed_time":205.760657,"remaining_time":443.3265891},
{"learn":[-2.403938065],"iteration":317,"passed_time":206.4629778,"remaining_time":442.7916694},
{"learn":[-2.40336663],"iteration":318,"passed_time":207.1602419,"remaining_time":442.2449052},
{"learn":[-2.403280564],"iteration":319,"passed_time":207.7434521,"remaining_time":441.4548358},
{"learn":[-2.403225204],"iteration":320,"passed_time":208.305845,"remaining_time":440.622021},
{"learn":[-2.402962152],"iteration":321,"passed_time":209.0186741,"remaining_time":440.1076429},
{"learn":[-2.402764677],"iteration":322,"passed_time":209.7086372,"remaining_time":439.5441096},
{"learn":[-2.402638436],"iteration":323,"passed_time":210.351426,"remaining_time":438.8813703},
{"learn":[-2.402202268],"iteration":324,"passed_time":211.1105772,"remaining_time":438.4604296},
{"learn":[-2.401940052],"iteration":325,"passed_time":211.9711866,"remaining_time":438.2471771},
{"learn":[-2.401861519],"iteration":326,"passed_time":212.5210408,"remaining_time":437.3903989},
{"learn":[-2.401639109],"iteration":327,"passed_time":213.1983941,"remaining_time":436.7967098},
{"learn":[-2.401357935],"iteration":328,"passed_time":213.9646768,"remaining_time":436.383885},
{"learn":[-2.401202077],"iteration":329,"passed_time":214.5080509,"remaining_time":435.5163457},
{"learn":[-2.400992036],"iteration":330,"passed_time":215.1109506,"remaining_time":434.7710754},
{"learn":[-2.400817771],"iteration":331,"passed_time":215.7682803,"remaining_time":434.1361785},
{"learn":[-2.400507268],"iteration":332,"passed_time":216.4207667,"remaining_time":433.4914457},
{"learn":[-2.40050019],"iteration":333,"passed_time":216.9811966,"remaining_time":432.6631047},
{"learn":[-2.400148226],"iteration":334,"passed_time":217.6878848,"remaining_time":432.1266967},
{"learn":[-2.39985014],"iteration":335,"passed_time":218.3469167,"remaining_time":431.4950973},
{"learn":[-2.399561573],"iteration":336,"passed_time":219.0741147,"remaining_time":430.9974424},
{"learn":[-2.398914431],"iteration":337,"passed_time":219.770419,"remaining_time":430.4379213},
{"learn":[-2.398429931],"iteration":338,"passed_time":220.4594109,"remaining_time":429.8633351},
{"learn":[-2.398082501],"iteration":339,"passed_time":221.1788168,"remaining_time":429.347115},
{"learn":[-2.397603825],"iteration":340,"passed_time":221.8369362,"remaining_time":428.7112638},
{"learn":[-2.397170228],"iteration":341,"passed_time":222.4821322,"remaining_time":428.0504181},
{"learn":[-2.397061793],"iteration":342,"passed_time":223.1408325,"remaining_time":427.4155306},
{"learn":[-2.396543688],"iteration":343,"passed_time":223.8002122,"remaining_time":426.7818001},
{"learn":[-2.396253631],"iteration":344,"passed_time":224.4868805,"remaining_time":426.1997296},
{"learn":[-2.396074953],"iteration":345,"passed_time":225.0666837,"remaining_time":425.415061},
{"learn":[-2.395706912],"iteration":346,"passed_time":225.719917,"remaining_time":424.7697573},
{"learn":[-2.395208],"iteration":347,"passed_time":226.4039751,"remaining_time":424.1821602},
{"learn":[-2.394899356],"iteration":348,"passed_time":227.0806476,"remaining_time":423.5802337},
{"learn":[-2.394801097],"iteration":349,"passed_time":227.7742325,"remaining_time":423.009289},
{"learn":[-2.394680974],"iteration":350,"passed_time":228.4571687,"remaining_time":422.4179559},
{"learn":[-2.394122632],"iteration":351,"passed_time":229.1341573,"remaining_time":421.8151532},
{"learn":[-2.393648011],"iteration":352,"passed_time":229.7975611,"remaining_time":421.1870312},
{"learn":[-2.393312369],"iteration":353,"passed_time":230.4423776,"remaining_time":420.5247908},
{"learn":[-2.393042544],"iteration":354,"passed_time":231.1001272,"remaining_time":419.8861466},
{"learn":[-2.392823494],"iteration":355,"passed_time":231.7157317,"remaining_time":419.1711551},
{"learn":[-2.392578443],"iteration":356,"passed_time":232.387102,"remaining_time":418.5571613},
{"learn":[-2.392287275],"iteration":357,"passed_time":233.086593,"remaining_time":417.9932756},
{"learn":[-2.392184527],"iteration":358,"passed_time":233.7844665,"remaining_time":417.4257466},
{"learn":[-2.391615197],"iteration":359,"passed_time":234.520692,"remaining_time":416.9256747},
{"learn":[-2.391461271],"iteration":360,"passed_time":235.2000033,"remaining_time":416.3235516},
{"learn":[-2.391238818],"iteration":361,"passed_time":235.8424949,"remaining_time":415.6561098},
{"learn":[-2.391144586],"iteration":362,"passed_time":236.3994275,"remaining_time":414.8386647},
{"learn":[-2.390696981],"iteration":363,"passed_time":237.034706,"remaining_time":414.1595412},
{"learn":[-2.390304754],"iteration":364,"passed_time":237.7522835,"remaining_time":413.6238357},
{"learn":[-2.390026975],"iteration":365,"passed_time":238.4083327,"remaining_time":412.9805544},
{"learn":[-2.389777036],"iteration":366,"passed_time":239.0655019,"remaining_time":412.3391354},
{"learn":[-2.389567603],"iteration":367,"passed_time":239.7288679,"remaining_time":411.7082731},
{"learn":[-2.389225577],"iteration":368,"passed_time":240.3946846,"remaining_time":411.0814254},
{"learn":[-2.389075582],"iteration":369,"passed_time":241.0615685,"remaining_time":410.4561842},
{"learn":[-2.389051198],"iteration":370,"passed_time":241.6352187,"remaining_time":409.6726485},
{"learn":[-2.388886989],"iteration":371,"passed_time":242.2781061,"remaining_time":409.0071254},
{"learn":[-2.388536936],"iteration":372,"passed_time":242.975284,"remaining_time":408.4329841},
{"learn":[-2.388431066],"iteration":373,"passed_time":243.5698742,"remaining_time":407.6864739},
{"learn":[-2.388307717],"iteration":374,"passed_time":244.2356134,"remaining_time":407.0593557},
{"learn":[-2.387983925],"iteration":375,"passed_time":244.8877648,"remaining_time":406.4094821},
{"learn":[-2.387713588],"iteration":376,"passed_time":245.4751202,"remaining_time":405.6525195},
{"learn":[-2.38746628],"iteration":377,"passed_time":246.1221108,"remaining_time":404.9945844},
{"learn":[-2.387390536],"iteration":378,"passed_time":246.7723891,"remaining_time":404.342094},
{"learn":[-2.387241259],"iteration":379,"passed_time":247.407034,"remaining_time":403.664108},
{"learn":[-2.386946944],"iteration":380,"passed_time":248.0541248,"remaining_time":403.0065702},
{"learn":[-2.386839353],"iteration":381,"passed_time":248.647193,"remaining_time":402.2616892},
{"learn":[-2.386443611],"iteration":382,"passed_time":249.3060566,"remaining_time":401.6235952},
{"learn":[-2.385854584],"iteration":383,"passed_time":250.0147494,"remaining_time":401.0653271},
{"learn":[-2.385782657],"iteration":384,"passed_time":250.6167734,"remaining_time":400.3358847},
{"learn":[-2.385514902],"iteration":385,"passed_time":251.2633734,"remaining_time":399.6780085},
{"learn":[-2.385244054],"iteration":386,"passed_time":251.9118902,"remaining_time":399.0232266},
{"learn":[-2.384916658],"iteration":387,"passed_time":252.5553049,"remaining_time":398.3604294},
{"learn":[-2.384726999],"iteration":388,"passed_time":253.2065784,"remaining_time":397.7100755},
{"learn":[-2.384409096],"iteration":389,"passed_time":253.8820425,"remaining_time":397.0975536},
{"learn":[-2.384222908],"iteration":390,"passed_time":254.5315696,"remaining_time":396.4443117},
{"learn":[-2.383985642],"iteration":391,"passed_time":255.1821971,"remaining_time":395.7927954},
{"learn":[-2.383782917],"iteration":392,"passed_time":255.8163545,"remaining_time":395.1158452},
{"learn":[-2.383506326],"iteration":393,"passed_time":256.4640493,"remaining_time":394.4599336},
{"learn":[-2.383007327],"iteration":394,"passed_time":257.1809193,"remaining_time":393.9100156},
{"learn":[-2.382670581],"iteration":395,"passed_time":257.8303261,"remaining_time":393.256356},
{"learn":[-2.382539989],"iteration":396,"passed_time":258.5326054,"remaining_time":392.6830254},
{"learn":[-2.382362496],"iteration":397,"passed_time":259.17643,"remaining_time":392.0206303},
{"learn":[-2.382201771],"iteration":398,"passed_time":259.8450484,"remaining_time":391.3956745},
{"learn":[-2.381971525],"iteration":399,"passed_time":260.420821,"remaining_time":390.6312315},
{"learn":[-2.381797218],"iteration":400,"passed_time":261.0900649,"remaining_time":390.0073538},
{"learn":[-2.381567719],"iteration":401,"passed_time":261.7343601,"remaining_time":389.3461377},
{"learn":[-2.38136937],"iteration":402,"passed_time":262.3966547,"remaining_time":388.7116696},
{"learn":[-2.381195008],"iteration":403,"passed_time":263.0869811,"remaining_time":388.1184176},
{"learn":[-2.381083885],"iteration":404,"passed_time":263.6303922,"remaining_time":387.3088478},
{"learn":[-2.380854754],"iteration":405,"passed_time":264.315796,"remaining_time":386.708332},
{"learn":[-2.380343372],"iteration":406,"passed_time":265.0047687,"remaining_time":386.1125992},
{"learn":[-2.380024051],"iteration":407,"passed_time":265.6437533,"remaining_time":385.4438773},
{"learn":[-2.379789593],"iteration":408,"passed_time":266.3406368,"remaining_time":384.8589642},
{"learn":[-2.379324968],"iteration":409,"passed_time":267.0227434,"remaining_time":384.2522405},
{"learn":[-2.379205044],"iteration":410,"passed_time":267.6281941,"remaining_time":383.5352952},
{"learn":[-2.379059127],"iteration":411,"passed_time":268.2758269,"remaining_time":382.8790928},
{"learn":[-2.378793176],"iteration":412,"passed_time":268.968952,"remaining_time":382.2875904},
{"learn":[-2.378533348],"iteration":413,"passed_time":269.637301,"remaining_time":381.6605275},
{"learn":[-2.378228192],"iteration":414,"passed_time":270.2866629,"remaining_time":381.0065007},
{"learn":[-2.378090826],"iteration":415,"passed_time":270.9555259,"remaining_time":380.379873},
{"learn":[-2.377875236],"iteration":416,"passed_time":271.6091282,"remaining_time":379.7317068},
{"learn":[-2.377782681],"iteration":417,"passed_time":272.2161332,"remaining_time":379.0186352},
{"learn":[-2.377586131],"iteration":418,"passed_time":272.92011,"remaining_time":378.4405344},
{"learn":[-2.377306565],"iteration":419,"passed_time":273.5865195,"remaining_time":377.8099555},
{"learn":[-2.377148637],"iteration":420,"passed_time":274.306063,"remaining_time":377.2522814},
{"learn":[-2.376904214],"iteration":421,"passed_time":274.9564017,"remaining_time":376.5990526},
{"learn":[-2.376640152],"iteration":422,"passed_time":275.6584246,"remaining_time":376.0163381},
{"learn":[-2.376467501],"iteration":423,"passed_time":276.3084945,"remaining_time":375.3624832},
{"learn":[-2.376143578],"iteration":424,"passed_time":276.9672922,"remaining_time":374.7204542},
{"learn":[-2.376029895],"iteration":425,"passed_time":277.6181615,"remaining_time":374.0676636},
{"learn":[-2.375702846],"iteration":426,"passed_time":278.2797743,"remaining_time":373.429299},
{"learn":[-2.375511277],"iteration":427,"passed_time":278.9573002,"remaining_time":372.8120927},
{"learn":[-2.375332147],"iteration":428,"passed_time":279.5889691,"remaining_time":372.1335696},
{"learn":[-2.375003942],"iteration":429,"passed_time":280.2425596,"remaining_time":371.4843232},
{"learn":[-2.374820664],"iteration":430,"passed_time":280.8798289,"remaining_time":370.8135096},
{"learn":[-2.374583515],"iteration":431,"passed_time":281.6148049,"remaining_time":370.2713176},
{"learn":[-2.374331993],"iteration":432,"passed_time":282.2615141,"remaining_time":369.6126525},
{"learn":[-2.374002033],"iteration":433,"passed_time":282.9194319,"remaining_time":368.96866},
{"learn":[-2.373697715],"iteration":434,"passed_time":283.5718966,"remaining_time":368.3175209},
{"learn":[-2.373399172],"iteration":435,"passed_time":284.2603726,"remaining_time":367.712959},
{"learn":[-2.373192769],"iteration":436,"passed_time":284.9147558,"remaining_time":367.0640904},
{"learn":[-2.373027125],"iteration":437,"passed_time":285.5517885,"remaining_time":366.3929341},
{"learn":[-2.372722548],"iteration":438,"passed_time":286.2315094,"remaining_time":365.7764846},
{"learn":[-2.372462427],"iteration":439,"passed_time":286.8664358,"remaining_time":365.1027365},
{"learn":[-2.37226358],"iteration":440,"passed_time":287.6486532,"remaining_time":364.6158666},
{"learn":[-2.371989577],"iteration":441,"passed_time":288.3460468,"remaining_time":364.0205749},
{"learn":[-2.371778035],"iteration":442,"passed_time":289.008685,"remaining_time":363.3811231},
{"learn":[-2.371567701],"iteration":443,"passed_time":289.6730141,"remaining_time":362.7436843},
{"learn":[-2.371317913],"iteration":444,"passed_time":290.3189049,"remaining_time":362.0831286},
{"learn":[-2.37110054],"iteration":445,"passed_time":290.965798,"remaining_time":361.4238836},
{"learn":[-2.37085893],"iteration":446,"passed_time":291.6651619,"remaining_time":360.8296074},
{"learn":[-2.370602764],"iteration":447,"passed_time":292.3067373,"remaining_time":360.1636584},
{"learn":[-2.370393976],"iteration":448,"passed_time":293.0060422,"remaining_time":359.568662},
{"learn":[-2.370091353],"iteration":449,"passed_time":293.6259724,"remaining_time":358.8761885},
{"learn":[-2.369918335],"iteration":450,"passed_time":294.2832043,"remaining_time":358.2294439},
{"learn":[-2.369860496],"iteration":451,"passed_time":294.8470322,"remaining_time":357.4694108},
{"learn":[-2.36951256],"iteration":452,"passed_time":295.5594187,"remaining_time":356.8896292},
{"learn":[-2.369330196],"iteration":453,"passed_time":296.1845154,"remaining_time":356.204285},
{"learn":[-2.369009382],"iteration":454,"passed_time":296.9057289,"remaining_time":355.6343346},
{"learn":[-2.368697256],"iteration":455,"passed_time":297.5428625,"remaining_time":354.9634149},
{"learn":[-2.368530296],"iteration":456,"passed_time":298.1981034,"remaining_time":354.3141579},
{"learn":[-2.3681715],"iteration":457,"passed_time":298.8312108,"remaining_time":353.6386817},
{"learn":[-2.367835125],"iteration":458,"passed_time":299.528133,"remaining_time":353.0386056},
{"learn":[-2.367626946],"iteration":459,"passed_time":300.1728846,"remaining_time":352.3768645},
{"learn":[-2.367370223],"iteration":460,"passed_time":300.8880207,"remaining_time":351.7974906},
{"learn":[-2.367164962],"iteration":461,"passed_time":301.5767556,"remaining_time":351.1867846},
{"learn":[-2.366971019],"iteration":462,"passed_time":302.2381891,"remaining_time":350.5440768},
{"learn":[-2.366555848],"iteration":463,"passed_time":302.9020117,"remaining_time":349.904048},
{"learn":[-2.366434116],"iteration":464,"passed_time":303.578068,"remaining_time":349.2779922},
{"learn":[-2.366135304],"iteration":465,"passed_time":304.2681806,"remaining_time":348.6678292},
{"learn":[-2.365940039],"iteration":466,"passed_time":304.9389139,"remaining_time":348.0352058},
{"learn":[-2.365609671],"iteration":467,"passed_time":305.6139637,"remaining_time":347.4073262},
{"learn":[-2.365394956],"iteration":468,"passed_time":306.2866252,"remaining_time":346.7765416},
{"learn":[-2.364999514],"iteration":469,"passed_time":306.9307373,"remaining_time":346.1133846},
{"learn":[-2.364816079],"iteration":470,"passed_time":307.5820902,"remaining_time":345.458441},
{"learn":[-2.364719414],"iteration":471,"passed_time":308.303004,"remaining_time":344.8813265},
{"learn":[-2.364502594],"iteration":472,"passed_time":308.9681199,"remaining_time":344.241436},
{"learn":[-2.36424324],"iteration":473,"passed_time":309.6372374,"remaining_time":343.6058794},
{"learn":[-2.3638702],"iteration":474,"passed_time":310.2902398,"remaining_time":342.9523703},
{"learn":[-2.363548916],"iteration":475,"passed_time":310.9505185,"remaining_time":342.3068733},
{"learn":[-2.363275437],"iteration":476,"passed_time":311.5780692,"remaining_time":341.6254301},
{"learn":[-2.363032223],"iteration":477,"passed_time":312.2523575,"remaining_time":340.9952523},
{"learn":[-2.362471984],"iteration":478,"passed_time":312.8915603,"remaining_time":340.3267284},
{"learn":[-2.362228913],"iteration":479,"passed_time":313.5603184,"remaining_time":339.690345},
{"learn":[-2.361927993],"iteration":480,"passed_time":314.2423856,"remaining_time":339.0681874},
{"learn":[-2.361793978],"iteration":481,"passed_time":314.9545856,"remaining_time":338.4781646},
{"learn":[-2.361325901],"iteration":482,"passed_time":315.5669265,"remaining_time":337.7807474},
{"learn":[-2.36121672],"iteration":483,"passed_time":316.2338302,"remaining_time":337.1418521},
{"learn":[-2.360963233],"iteration":484,"passed_time":316.8703784,"remaining_time":336.470608},
{"learn":[-2.360953829],"iteration":485,"passed_time":317.4682035,"remaining_time":335.7585527},
{"learn":[-2.360798402],"iteration":486,"passed_time":318.1759166,"remaining_time":335.1627212},
{"learn":[-2.36060693],"iteration":487,"passed_time":318.8312523,"remaining_time":334.5114779},
{"learn":[-2.360411719],"iteration":488,"passed_time":319.5236769,"remaining_time":333.8989752},
{"learn":[-2.360144265],"iteration":489,"passed_time":320.1702192,"remaining_time":333.2383914},
{"learn":[-2.359942431],"iteration":490,"passed_time":320.803771,"remaining_time":332.564398},
{"learn":[-2.359816639],"iteration":491,"passed_time":321.4570635,"remaining_time":331.9109517},
{"learn":[-2.359506246],"iteration":492,"passed_time":322.1552269,"remaining_time":331.3036512},
{"learn":[-2.359417266],"iteration":493,"passed_time":322.8300052,"remaining_time":330.6720296},
{"learn":[-2.359129614],"iteration":494,"passed_time":323.5275357,"remaining_time":330.0634455},
{"learn":[-2.358847186],"iteration":495,"passed_time":324.2324171,"remaining_time":329.4619723},
{"learn":[-2.35862522],"iteration":496,"passed_time":324.8831968,"remaining_time":328.805328},
{"learn":[-2.358455289],"iteration":497,"passed_time":325.5086489,"remaining_time":328.1231762},
{"learn":[-2.3583502],"iteration":498,"passed_time":326.1629427,"remaining_time":327.470209},
{"learn":[-2.358157964],"iteration":499,"passed_time":326.8002318,"remaining_time":326.8002318},
{"learn":[-2.357946349],"iteration":500,"passed_time":327.5228961,"remaining_time":326.2154195},
{"learn":[-2.357454133],"iteration":501,"passed_time":328.1753606,"remaining_time":325.5604175},
{"learn":[-2.357238438],"iteration":502,"passed_time":328.8672246,"remaining_time":324.9443551},
{"learn":[-2.357142271],"iteration":503,"passed_time":329.5614133,"remaining_time":324.3302798},
{"learn":[-2.35695268],"iteration":504,"passed_time":330.2478893,"remaining_time":323.7083272},
{"learn":[-2.356808859],"iteration":505,"passed_time":330.9407737,"remaining_time":323.0923759},
{"learn":[-2.356747332],"iteration":506,"passed_time":331.587642,"remaining_time":322.4313757},
{"learn":[-2.356505653],"iteration":507,"passed_time":332.2388108,"remaining_time":321.7745963},
{"learn":[-2.356151492],"iteration":508,"passed_time":332.8893195,"remaining_time":321.1172021},
{"learn":[-2.355913643],"iteration":509,"passed_time":333.5304706,"remaining_time":320.4508443},
{"learn":[-2.355753753],"iteration":510,"passed_time":334.1813371,"remaining_time":319.7938823},
{"learn":[-2.355630708],"iteration":511,"passed_time":334.8748729,"remaining_time":319.1776132},
{"learn":[-2.355361413],"iteration":512,"passed_time":335.5141619,"remaining_time":318.5095455},
{"learn":[-2.354929514],"iteration":513,"passed_time":336.151955,"remaining_time":317.8401754},
{"learn":[-2.354796159],"iteration":514,"passed_time":336.8004304,"remaining_time":317.1809878},
{"learn":[-2.354595577],"iteration":515,"passed_time":337.4419491,"remaining_time":316.5153166},
{"learn":[-2.354449545],"iteration":516,"passed_time":338.1623234,"remaining_time":315.9234085},
{"learn":[-2.354168953],"iteration":517,"passed_time":338.8074734,"remaining_time":315.2610081},
{"learn":[-2.353823195],"iteration":518,"passed_time":339.5013367,"remaining_time":314.6438207},
{"learn":[-2.353767698],"iteration":519,"passed_time":340.0946273,"remaining_time":313.9335021},
{"learn":[-2.353591167],"iteration":520,"passed_time":340.7510767,"remaining_time":313.2817001},
{"learn":[-2.353479688],"iteration":521,"passed_time":341.4382571,"remaining_time":312.6580209},
{"learn":[-2.353319003],"iteration":522,"passed_time":342.0819585,"remaining_time":311.9944439},
{"learn":[-2.353197623],"iteration":523,"passed_time":342.6876627,"remaining_time":311.2964264},
{"learn":[-2.353020908],"iteration":524,"passed_time":343.3960201,"remaining_time":310.6916372},
{"learn":[-2.352769597],"iteration":525,"passed_time":344.0496245,"remaining_time":310.0371141},
{"learn":[-2.352577046],"iteration":526,"passed_time":344.7589754,"remaining_time":309.4326288},
{"learn":[-2.352471029],"iteration":527,"passed_time":345.391594,"remaining_time":308.7591522},
{"learn":[-2.352330938],"iteration":528,"passed_time":346.0559596,"remaining_time":308.1140963},
{"learn":[-2.352110116],"iteration":529,"passed_time":346.6984522,"remaining_time":307.4495708},
{"learn":[-2.351887166],"iteration":530,"passed_time":347.3669134,"remaining_time":306.8080647},
{"learn":[-2.351769413],"iteration":531,"passed_time":348.0829231,"remaining_time":306.2082857},
{"learn":[-2.351278116],"iteration":532,"passed_time":348.8024519,"remaining_time":305.6111539},
{"learn":[-2.35113436],"iteration":533,"passed_time":349.4380913,"remaining_time":304.9403568},
{"learn":[-2.351115661],"iteration":534,"passed_time":350.0174106,"remaining_time":304.22074},
{"learn":[-2.350892711],"iteration":535,"passed_time":350.7023659,"remaining_time":303.5930928},
{"learn":[-2.350638489],"iteration":536,"passed_time":351.3647599,"remaining_time":302.94578},
{"learn":[-2.350459345],"iteration":537,"passed_time":352.0621935,"remaining_time":302.3285007},
{"learn":[-2.350233973],"iteration":538,"passed_time":352.7503744,"remaining_time":301.7030103},
{"learn":[-2.349916943],"iteration":539,"passed_time":353.4672948,"remaining_time":301.1017696},
{"learn":[-2.34986042],"iteration":540,"passed_time":354.0326748,"remaining_time":300.37153},
{"learn":[-2.349541855],"iteration":541,"passed_time":354.7331236,"remaining_time":299.7560343},
{"learn":[-2.349417213],"iteration":542,"passed_time":355.4876124,"remaining_time":299.185707},
{"learn":[-2.349091731],"iteration":543,"passed_time":356.1768595,"remaining_time":298.5600146},
{"learn":[-2.348641328],"iteration":544,"passed_time":356.8940072,"remaining_time":297.9573821},
{"learn":[-2.34823466],"iteration":545,"passed_time":357.6178859,"remaining_time":297.3599271},
{"learn":[-2.348014404],"iteration":546,"passed_time":358.2536888,"remaining_time":296.6890695},
{"learn":[-2.347956097],"iteration":547,"passed_time":358.9355401,"remaining_time":296.0563214},
{"learn":[-2.347767072],"iteration":548,"passed_time":359.5853838,"remaining_time":295.3971004},
{"learn":[-2.347662866],"iteration":549,"passed_time":360.2388776,"remaining_time":294.7408999},
{"learn":[-2.347442561],"iteration":550,"passed_time":360.9457764,"remaining_time":294.128228},
{"learn":[-2.347279219],"iteration":551,"passed_time":361.6342613,"remaining_time":293.5002701},
{"learn":[-2.346974177],"iteration":552,"passed_time":362.3482151,"remaining_time":292.8926802},
{"learn":[-2.346762918],"iteration":553,"passed_time":362.9743278,"remaining_time":292.2139895},
{"learn":[-2.346458061],"iteration":554,"passed_time":363.7104108,"remaining_time":291.6236627},
{"learn":[-2.346154364],"iteration":555,"passed_time":364.3680137,"remaining_time":290.9701404},
{"learn":[-2.345896735],"iteration":556,"passed_time":365.0298141,"remaining_time":290.3199419},
{"learn":[-2.345773269],"iteration":557,"passed_time":365.6789432,"remaining_time":289.6596647},
{"learn":[-2.345619548],"iteration":558,"passed_time":366.3315858,"remaining_time":289.0021992},
{"learn":[-2.345605256],"iteration":559,"passed_time":366.869301,"remaining_time":288.2544508},
{"learn":[-2.345370237],"iteration":560,"passed_time":367.5180518,"remaining_time":287.59434},
{"learn":[-2.345257225],"iteration":561,"passed_time":368.213921,"remaining_time":286.9709918},
{"learn":[-2.345252481],"iteration":562,"passed_time":368.8100914,"remaining_time":286.2699999},
{"learn":[-2.345020694],"iteration":563,"passed_time":369.50999,"remaining_time":285.6495667},
{"learn":[-2.344786107],"iteration":564,"passed_time":370.2083957,"remaining_time":285.0277029},
{"learn":[-2.344541636],"iteration":565,"passed_time":370.8582596,"remaining_time":284.3683474},
{"learn":[-2.344370885],"iteration":566,"passed_time":371.5853745,"remaining_time":283.7680197},
{"learn":[-2.344071662],"iteration":567,"passed_time":372.2401818,"remaining_time":283.1122509},
{"learn":[-2.34374213],"iteration":568,"passed_time":372.9412475,"remaining_time":282.4915249},
{"learn":[-2.34358509],"iteration":569,"passed_time":373.5782741,"remaining_time":281.8222068},
{"learn":[-2.343473722],"iteration":570,"passed_time":374.2889329,"remaining_time":281.2083226},
{"learn":[-2.343127262],"iteration":571,"passed_time":374.9207582,"remaining_time":280.5351127},
{"learn":[-2.342920048],"iteration":572,"passed_time":375.5742449,"remaining_time":279.8781895},
{"learn":[-2.342699938],"iteration":573,"passed_time":376.2631893,"remaining_time":279.2475934},
{"learn":[-2.342310737],"iteration":574,"passed_time":376.9278756,"remaining_time":278.5988646},
{"learn":[-2.342068001],"iteration":575,"passed_time":377.5822053,"remaining_time":277.9424567},
{"learn":[-2.341921035],"iteration":576,"passed_time":378.2934618,"remaining_time":277.3277892},
{"learn":[-2.341696661],"iteration":577,"passed_time":378.9266794,"remaining_time":276.6558109},
{"learn":[-2.341458836],"iteration":578,"passed_time":379.5973827,"remaining_time":276.011223},
{"learn":[-2.341331056],"iteration":579,"passed_time":380.3077169,"remaining_time":275.3952433},
{"learn":[-2.341139828],"iteration":580,"passed_time":380.9523654,"remaining_time":274.7315682},
{"learn":[-2.341076375],"iteration":581,"passed_time":381.6558489,"remaining_time":274.1102145},
{"learn":[-2.340876212],"iteration":582,"passed_time":382.3310007,"remaining_time":273.4683144},
{"learn":[-2.340666795],"iteration":583,"passed_time":383.0036846,"remaining_time":272.8245424},
{"learn":[-2.340250826],"iteration":584,"passed_time":383.6931256,"remaining_time":272.1925592},
{"learn":[-2.340107862],"iteration":585,"passed_time":384.3815479,"remaining_time":271.5596601},
{"learn":[-2.339882131],"iteration":586,"passed_time":385.0494036,"remaining_time":270.9121017},
{"learn":[-2.339650276],"iteration":587,"passed_time":385.6860904,"remaining_time":270.2426348},
{"learn":[-2.33939129],"iteration":588,"passed_time":386.4029774,"remaining_time":269.6292423},
{"learn":[-2.339303325],"iteration":589,"passed_time":387.0915464,"remaining_time":268.9958204},
{"learn":[-2.339170611],"iteration":590,"passed_time":387.7408834,"remaining_time":268.3350614},
{"learn":[-2.338982613],"iteration":591,"passed_time":388.4097281,"remaining_time":267.6877856},
{"learn":[-2.338861641],"iteration":592,"passed_time":389.0968936,"remaining_time":267.0530113},
{"learn":[-2.338669594],"iteration":593,"passed_time":389.8031064,"remaining_time":266.4310795},
{"learn":[-2.338604283],"iteration":594,"passed_time":390.4223837,"remaining_time":265.7496897},
{"learn":[-2.338487677],"iteration":595,"passed_time":391.0930432,"remaining_time":265.103338},
{"learn":[-2.338297151],"iteration":596,"passed_time":391.7467581,"remaining_time":264.4454665},
{"learn":[-2.338188502],"iteration":597,"passed_time":392.3876386,"remaining_time":263.7789811},
{"learn":[-2.338023638],"iteration":598,"passed_time":393.0553306,"remaining_time":263.1305302},
{"learn":[-2.337972452],"iteration":599,"passed_time":393.741785,"remaining_time":262.4945233},
{"learn":[-2.337811996],"iteration":600,"passed_time":394.3919864,"remaining_time":261.8342805},
{"learn":[-2.337737045],"iteration":601,"passed_time":395.0435147,"remaining_time":261.1749483},
{"learn":[-2.337589365],"iteration":602,"passed_time":395.6870797,"remaining_time":260.5103991},
{"learn":[-2.337403402],"iteration":603,"passed_time":396.3254915,"remaining_time":259.8425408},
{"learn":[-2.337262711],"iteration":604,"passed_time":396.9783443,"remaining_time":259.1842082},
{"learn":[-2.337078775],"iteration":605,"passed_time":397.6189119,"remaining_time":258.5179064},
{"learn":[-2.336924727],"iteration":606,"passed_time":398.2896726,"remaining_time":257.8712378},
{"learn":[-2.336740728],"iteration":607,"passed_time":398.9237399,"remaining_time":257.2008323},
{"learn":[-2.336598512],"iteration":608,"passed_time":399.6315915,"remaining_time":256.5779183},
{"learn":[-2.33636985],"iteration":609,"passed_time":400.2932216,"remaining_time":255.9251745},
{"learn":[-2.336190834],"iteration":610,"passed_time":401.0378622,"remaining_time":255.325251},
{"learn":[-2.33597728],"iteration":611,"passed_time":401.7562252,"remaining_time":254.708195},
{"learn":[-2.335749621],"iteration":612,"passed_time":402.4678329,"remaining_time":254.0865438},
{"learn":[-2.335548709],"iteration":613,"passed_time":403.2132716,"remaining_time":253.4858678},
{"learn":[-2.335520402],"iteration":614,"passed_time":403.9618054,"remaining_time":252.8866586},
{"learn":[-2.335300704],"iteration":615,"passed_time":404.6300248,"remaining_time":252.2368986},
{"learn":[-2.335156166],"iteration":616,"passed_time":405.2961902,"remaining_time":251.5858036},
{"learn":[-2.335051387],"iteration":617,"passed_time":405.9565812,"remaining_time":250.9310906},
{"learn":[-2.334821102],"iteration":618,"passed_time":406.6198084,"remaining_time":250.278105},
{"learn":[-2.334468108],"iteration":619,"passed_time":407.3699202,"remaining_time":249.6783382},
{"learn":[-2.334329508],"iteration":620,"passed_time":408.0976069,"remaining_time":249.064401},
{"learn":[-2.333975884],"iteration":621,"passed_time":408.8131862,"remaining_time":248.4427402},
{"learn":[-2.333859304],"iteration":622,"passed_time":409.4739588,"remaining_time":247.7876123},
{"learn":[-2.333555976],"iteration":623,"passed_time":410.1986413,"remaining_time":247.1709762},
{"learn":[-2.33339161],"iteration":624,"passed_time":410.8901309,"remaining_time":246.5340786},
{"learn":[-2.332975442],"iteration":625,"passed_time":411.5944263,"remaining_time":245.9046573},
{"learn":[-2.33285372],"iteration":626,"passed_time":412.2646869,"remaining_time":245.2547499},
{"learn":[-2.332760004],"iteration":627,"passed_time":412.9780118,"remaining_time":244.6302872},
{"learn":[-2.332751659],"iteration":628,"passed_time":413.5043919,"remaining_time":243.8952772},
{"learn":[-2.332608237],"iteration":629,"passed_time":414.1277124,"remaining_time":243.2178628},
{"learn":[-2.332265675],"iteration":630,"passed_time":414.775445,"remaining_time":242.5548958},
{"learn":[-2.33199599],"iteration":631,"passed_time":415.4419384,"remaining_time":241.9029008},
{"learn":[-2.331715114],"iteration":632,"passed_time":416.0989928,"remaining_time":241.2453876},
{"learn":[-2.331473488],"iteration":633,"passed_time":416.7575463,"remaining_time":240.5887412},
{"learn":[-2.331039989],"iteration":634,"passed_time":417.4377818,"remaining_time":239.9445517},
{"learn":[-2.33074486],"iteration":635,"passed_time":418.0804789,"remaining_time":239.2787647},
{"learn":[-2.330441814],"iteration":636,"passed_time":418.7999936,"remaining_time":238.6568252},
{"learn":[-2.33020363],"iteration":637,"passed_time":419.4434345,"remaining_time":237.9914158},
{"learn":[-2.330097071],"iteration":638,"passed_time":420.1237902,"remaining_time":237.34693},
{"learn":[-2.329941147],"iteration":639,"passed_time":420.8109089,"remaining_time":236.7061362},
{"learn":[-2.329816929],"iteration":640,"passed_time":421.5147347,"remaining_time":236.074555},
{"learn":[-2.329577728],"iteration":641,"passed_time":422.1800159,"remaining_time":235.421255},
{"learn":[-2.32934076],"iteration":642,"passed_time":422.8329107,"remaining_time":234.7610406},
{"learn":[-2.329043353],"iteration":643,"passed_time":423.4703291,"remaining_time":234.0922937},
{"learn":[-2.32885778],"iteration":644,"passed_time":424.1212277,"remaining_time":233.4310633},
{"learn":[-2.328590866],"iteration":645,"passed_time":424.776248,"remaining_time":232.7721235},
{"learn":[-2.328479741],"iteration":646,"passed_time":425.474692,"remaining_time":232.1368876},
{"learn":[-2.328365293],"iteration":647,"passed_time":426.1259557,"remaining_time":231.4758278},
{"learn":[-2.328173091],"iteration":648,"passed_time":426.7547806,"remaining_time":230.8026625},
{"learn":[-2.328121382],"iteration":649,"passed_time":427.4030504,"remaining_time":230.1401041},
{"learn":[-2.328038459],"iteration":650,"passed_time":428.0299515,"remaining_time":229.4661338},
{"learn":[-2.327822893],"iteration":651,"passed_time":428.7329608,"remaining_time":228.83293},
{"learn":[-2.327809988],"iteration":652,"passed_time":429.3134924,"remaining_time":228.1344286},
{"learn":[-2.32776282],"iteration":653,"passed_time":429.9965589,"remaining_time":227.4905342},
{"learn":[-2.327614928],"iteration":654,"passed_time":430.6423388,"remaining_time":226.8268807},
{"learn":[-2.327486519],"iteration":655,"passed_time":431.3587938,"remaining_time":226.2003431},
{"learn":[-2.327285019],"iteration":656,"passed_time":431.9942355,"remaining_time":225.5312371},
{"learn":[-2.327276737],"iteration":657,"passed_time":432.5544545,"remaining_time":224.8231359},
{"learn":[-2.327159939],"iteration":658,"passed_time":433.2028924,"remaining_time":224.1611325},
{"learn":[-2.327044663],"iteration":659,"passed_time":433.8937469,"remaining_time":223.5210211},
{"learn":[-2.326889749],"iteration":660,"passed_time":434.5605244,"remaining_time":222.8684081},
{"learn":[-2.326822625],"iteration":661,"passed_time":435.2209903,"remaining_time":222.2125298},
{"learn":[-2.326702433],"iteration":662,"passed_time":435.8877762,"remaining_time":221.55985},
{"learn":[-2.326464091],"iteration":663,"passed_time":436.5882639,"remaining_time":220.9241817},
{"learn":[-2.326369645],"iteration":664,"passed_time":437.2975941,"remaining_time":220.292773},
{"learn":[-2.326210084],"iteration":665,"passed_time":437.9656753,"remaining_time":219.6404438},
{"learn":[-2.325867781],"iteration":666,"passed_time":438.6247557,"remaining_time":218.9835737},
{"learn":[-2.325523718],"iteration":667,"passed_time":439.3117921,"remaining_time":218.3405913},
{"learn":[-2.325381145],"iteration":668,"passed_time":439.9949949,"remaining_time":217.6955804},
{"learn":[-2.325212128],"iteration":669,"passed_time":440.663254,"remaining_time":217.0430952},
{"learn":[-2.325071947],"iteration":670,"passed_time":441.2989997,"remaining_time":216.3746213},
{"learn":[-2.32487967],"iteration":671,"passed_time":441.9586124,"remaining_time":215.7178941},
{"learn":[-2.324682055],"iteration":672,"passed_time":442.6782032,"remaining_time":215.0903008},
{"learn":[-2.324523882],"iteration":673,"passed_time":443.3342917,"remaining_time":214.4317197},
{"learn":[-2.324372575],"iteration":674,"passed_time":443.9665085,"remaining_time":213.7616523},
{"learn":[-2.324356722],"iteration":675,"passed_time":444.5624763,"remaining_time":213.074323},
{"learn":[-2.324329994],"iteration":676,"passed_time":445.1614313,"remaining_time":212.3886888},
{"learn":[-2.324194341],"iteration":677,"passed_time":445.8013221,"remaining_time":211.7227518},
{"learn":[-2.323999595],"iteration":678,"passed_time":446.4747148,"remaining_time":211.0727297},
{"learn":[-2.323885925],"iteration":679,"passed_time":447.1163226,"remaining_time":210.4076812},
{"learn":[-2.323761383],"iteration":680,"passed_time":447.7862814,"remaining_time":209.755982},
{"learn":[-2.323526443],"iteration":681,"passed_time":448.4387527,"remaining_time":209.0960753},
{"learn":[-2.323279628],"iteration":682,"passed_time":449.1373206,"remaining_time":208.4575851},
{"learn":[-2.323145017],"iteration":683,"passed_time":449.8054238,"remaining_time":207.8048449},
{"learn":[-2.323054028],"iteration":684,"passed_time":450.4942555,"remaining_time":207.1615919},
{"learn":[-2.322804263],"iteration":685,"passed_time":451.1400562,"remaining_time":206.4985097},
{"learn":[-2.322739167],"iteration":686,"passed_time":451.7407103,"remaining_time":205.8149088},
{"learn":[-2.322656251],"iteration":687,"passed_time":452.4375948,"remaining_time":205.1751883},
{"learn":[-2.322385373],"iteration":688,"passed_time":453.098299,"remaining_time":204.518971},
{"learn":[-2.322332276],"iteration":689,"passed_time":453.7980039,"remaining_time":203.8802626},
{"learn":[-2.322141071],"iteration":690,"passed_time":454.4788722,"remaining_time":203.2329544},
{"learn":[-2.322052702],"iteration":691,"passed_time":455.1526958,"remaining_time":202.5824138},
{"learn":[-2.321924239],"iteration":692,"passed_time":455.7715977,"remaining_time":201.9074754},
{"learn":[-2.32177929],"iteration":693,"passed_time":456.4105416,"remaining_time":201.2415356},
{"learn":[-2.32156756],"iteration":694,"passed_time":457.0943857,"remaining_time":200.5953779},
{"learn":[-2.321399224],"iteration":695,"passed_time":457.7541432,"remaining_time":199.9385913},
{"learn":[-2.321194071],"iteration":696,"passed_time":458.428975,"remaining_time":199.2883492},
{"learn":[-2.321052267],"iteration":697,"passed_time":459.0783303,"remaining_time":198.627014},
{"learn":[-2.320876015],"iteration":698,"passed_time":459.7673816,"remaining_time":197.9828067},
{"learn":[-2.32074927],"iteration":699,"passed_time":460.4272887,"remaining_time":197.3259809},
{"learn":[-2.320553442],"iteration":700,"passed_time":461.1042802,"remaining_time":196.6764334},
{"learn":[-2.320336185],"iteration":701,"passed_time":461.8269889,"remaining_time":196.0462146},
{"learn":[-2.320183878],"iteration":702,"passed_time":462.481263,"remaining_time":195.3868209},
{"learn":[-2.319879073],"iteration":703,"passed_time":463.1304793,"remaining_time":194.7253152},
{"learn":[-2.319782875],"iteration":704,"passed_time":463.7820046,"remaining_time":194.0648104},
{"learn":[-2.319615991],"iteration":705,"passed_time":464.4868034,"remaining_time":193.4265159},
{"learn":[-2.319603136],"iteration":706,"passed_time":465.0197203,"remaining_time":192.7168006},
{"learn":[-2.319474084],"iteration":707,"passed_time":465.6662387,"remaining_time":192.0544374},
{"learn":[-2.319261939],"iteration":708,"passed_time":466.3518636,"remaining_time":191.4081697},
{"learn":[-2.319175679],"iteration":709,"passed_time":467.0585734,"remaining_time":190.7704032},
{"learn":[-2.318849378],"iteration":710,"passed_time":467.7605127,"remaining_time":190.1305038},
{"learn":[-2.318599298],"iteration":711,"passed_time":468.4574387,"remaining_time":189.4884022},
{"learn":[-2.318327076],"iteration":712,"passed_time":469.112722,"remaining_time":188.8293846},
{"learn":[-2.318192335],"iteration":713,"passed_time":469.7611516,"remaining_time":188.1676321},
{"learn":[-2.317964417],"iteration":714,"passed_time":470.4327182,"remaining_time":187.5151394},
{"learn":[-2.317823442],"iteration":715,"passed_time":471.14134,"remaining_time":186.8772913},
{"learn":[-2.317772723],"iteration":716,"passed_time":471.7373777,"remaining_time":186.1948088},
{"learn":[-2.317627988],"iteration":717,"passed_time":472.4399401,"remaining_time":185.5544055},
{"learn":[-2.317480994],"iteration":718,"passed_time":473.0660209,"remaining_time":184.8839386},
{"learn":[-2.317147874],"iteration":719,"passed_time":473.7135497,"remaining_time":184.221936},
{"learn":[-2.316940539],"iteration":720,"passed_time":474.3753572,"remaining_time":183.5654988},
{"learn":[-2.316840746],"iteration":721,"passed_time":475.0228119,"remaining_time":182.9035204},
{"learn":[-2.316701342],"iteration":722,"passed_time":475.6787337,"remaining_time":182.244826},
{"learn":[-2.316574475],"iteration":723,"passed_time":476.3015184,"remaining_time":181.573507},
{"learn":[-2.31652487],"iteration":724,"passed_time":476.9617652,"remaining_time":180.9165316},
{"learn":[-2.316228786],"iteration":725,"passed_time":477.6217761,"remaining_time":180.2594582},
{"learn":[-2.316036726],"iteration":726,"passed_time":478.3147742,"remaining_time":179.6147639},
{"learn":[-2.31557536],"iteration":727,"passed_time":479.0341263,"remaining_time":178.9797834},
{"learn":[-2.315564928],"iteration":728,"passed_time":479.5733204,"remaining_time":178.2775992},
{"learn":[-2.315391453],"iteration":729,"passed_time":480.2756411,"remaining_time":177.636196},
{"learn":[-2.315376815],"iteration":730,"passed_time":480.8652322,"remaining_time":176.9531429},
{"learn":[-2.315177757],"iteration":731,"passed_time":481.5515923,"remaining_time":176.3057742},
{"learn":[-2.314995968],"iteration":732,"passed_time":482.181309,"remaining_time":175.6376664},
{"learn":[-2.314844165],"iteration":733,"passed_time":482.8197925,"remaining_time":174.9728403},
{"learn":[-2.31455117],"iteration":734,"passed_time":483.6422945,"remaining_time":174.3744327},
{"learn":[-2.314360857],"iteration":735,"passed_time":484.4032689,"remaining_time":173.7533465},
{"learn":[-2.314265769],"iteration":736,"passed_time":485.1030612,"remaining_time":173.1100476},
{"learn":[-2.31411062],"iteration":737,"passed_time":485.8174928,"remaining_time":172.4717928},
{"learn":[-2.313986745],"iteration":738,"passed_time":486.4640458,"remaining_time":171.8093585},
{"learn":[-2.313975956],"iteration":739,"passed_time":487.00182,"remaining_time":171.1087476},
{"learn":[-2.313813309],"iteration":740,"passed_time":487.6600387,"remaining_time":170.4506748},
{"learn":[-2.313310937],"iteration":741,"passed_time":488.3169764,"remaining_time":169.7921562},
{"learn":[-2.312970167],"iteration":742,"passed_time":489.0425443,"remaining_time":169.1573807},
{"learn":[-2.312809388],"iteration":743,"passed_time":489.7446138,"remaining_time":168.5142757},
{"learn":[-2.312709056],"iteration":744,"passed_time":490.4508593,"remaining_time":167.8724418},
{"learn":[-2.312345769],"iteration":745,"passed_time":491.16204,"remaining_time":167.2321155},
{"learn":[-2.312158228],"iteration":746,"passed_time":491.8189808,"remaining_time":166.5732291},
{"learn":[-2.311998421],"iteration":747,"passed_time":492.5414874,"remaining_time":165.9364369},
{"learn":[-2.311909834],"iteration":748,"passed_time":493.1772143,"remaining_time":165.2703348},
{"learn":[-2.311792758],"iteration":749,"passed_time":493.8401252,"remaining_time":164.6133751},
{"learn":[-2.311668075],"iteration":750,"passed_time":494.5169391,"remaining_time":163.9610091},
{"learn":[-2.311377339],"iteration":751,"passed_time":495.2222013,"remaining_time":163.31796},
{"learn":[-2.311232481],"iteration":752,"passed_time":495.8869204,"remaining_time":162.6614467},
{"learn":[-2.311158526],"iteration":753,"passed_time":496.5595041,"remaining_time":162.0074775},
{"learn":[-2.310874056],"iteration":754,"passed_time":497.2266009,"remaining_time":161.3516784},
{"learn":[-2.310624591],"iteration":755,"passed_time":497.8861567,"remaining_time":160.6934156},
{"learn":[-2.310527115],"iteration":756,"passed_time":498.5935702,"remaining_time":160.050512},
{"learn":[-2.310396246],"iteration":757,"passed_time":499.2591915,"remaining_time":159.3940954},
{"learn":[-2.310202867],"iteration":758,"passed_time":499.8816938,"remaining_time":158.7239634},
{"learn":[-2.309998893],"iteration":759,"passed_time":500.5119019,"remaining_time":158.0563901},
{"learn":[-2.309830855],"iteration":760,"passed_time":501.1925594,"remaining_time":157.4047591},
{"learn":[-2.309762148],"iteration":761,"passed_time":501.9346174,"remaining_time":156.7722296},
{"learn":[-2.309498211],"iteration":762,"passed_time":502.5742451,"remaining_time":156.1075964},
{"learn":[-2.30933567],"iteration":763,"passed_time":503.2811524,"remaining_time":155.4638115},
{"learn":[-2.309278116],"iteration":764,"passed_time":503.9185017,"remaining_time":154.798494},
{"learn":[-2.309161639],"iteration":765,"passed_time":504.6437706,"remaining_time":154.1601075},
{"learn":[-2.309151945],"iteration":766,"passed_time":505.1874926,"remaining_time":153.4663439},
{"learn":[-2.308928984],"iteration":767,"passed_time":505.8453263,"remaining_time":152.8074423},
{"learn":[-2.308919299],"iteration":768,"passed_time":506.3897418,"remaining_time":152.1144738},
{"learn":[-2.308723897],"iteration":769,"passed_time":507.0980088,"remaining_time":151.4708338},
{"learn":[-2.308536344],"iteration":770,"passed_time":507.7630632,"remaining_time":150.8141913},
{"learn":[-2.30834877],"iteration":771,"passed_time":508.4234946,"remaining_time":150.1561616},
{"learn":[-2.308138815],"iteration":772,"passed_time":509.0494793,"remaining_time":149.4880101},
{"learn":[-2.30813704],"iteration":773,"passed_time":509.630434,"remaining_time":148.8068192},
{"learn":[-2.307894809],"iteration":774,"passed_time":510.2929157,"remaining_time":148.1495562},
{"learn":[-2.307794716],"iteration":775,"passed_time":510.9486045,"remaining_time":147.4903188},
{"learn":[-2.307647592],"iteration":776,"passed_time":511.6499282,"remaining_time":146.8441879},
{"learn":[-2.307601313],"iteration":777,"passed_time":512.2776168,"remaining_time":146.1769035},
{"learn":[-2.307546267],"iteration":778,"passed_time":512.9802646,"remaining_time":145.5309865},
{"learn":[-2.307436385],"iteration":779,"passed_time":513.6333585,"remaining_time":144.8709473},
{"learn":[-2.307286375],"iteration":780,"passed_time":514.3400385,"remaining_time":144.2259519},
{"learn":[-2.307178576],"iteration":781,"passed_time":514.9869044,"remaining_time":143.5641242},
{"learn":[-2.307061467],"iteration":782,"passed_time":515.6464185,"remaining_time":142.9058401},
{"learn":[-2.306582203],"iteration":783,"passed_time":516.3677423,"remaining_time":142.2645821},
{"learn":[-2.306454841],"iteration":784,"passed_time":517.0212179,"remaining_time":141.6045374},
{"learn":[-2.306284098],"iteration":785,"passed_time":517.6565821,"remaining_time":140.9395783},
{"learn":[-2.30611201],"iteration":786,"passed_time":518.3002231,"remaining_time":140.2769346},
{"learn":[-2.305949275],"iteration":787,"passed_time":518.9324911,"remaining_time":139.6112793},
{"learn":[-2.305817882],"iteration":788,"passed_time":519.5759247,"remaining_time":138.9486947},
{"learn":[-2.30581696],"iteration":789,"passed_time":520.1425566,"remaining_time":138.2657429},
{"learn":[-2.305666533],"iteration":790,"passed_time":520.801614,"remaining_time":137.6075061},
{"learn":[-2.305567829],"iteration":791,"passed_time":521.4559969,"remaining_time":136.9480396},
{"learn":[-2.305452344],"iteration":792,"passed_time":522.1106725,"remaining_time":136.2886623},
{"learn":[-2.30522735],"iteration":793,"passed_time":522.7673409,"remaining_time":135.6298139},
{"learn":[-2.305139195],"iteration":794,"passed_time":523.4599075,"remaining_time":134.9802277},
{"learn":[-2.30500035],"iteration":795,"passed_time":524.1006524,"remaining_time":134.3172526},
{"learn":[-2.304989396],"iteration":796,"passed_time":524.6498469,"remaining_time":133.6310149},
{"learn":[-2.304875004],"iteration":797,"passed_time":525.2853633,"remaining_time":132.9669717},
{"learn":[-2.304714494],"iteration":798,"passed_time":525.9623451,"remaining_time":132.313431},
{"learn":[-2.304510681],"iteration":799,"passed_time":526.6791323,"remaining_time":131.6697831},
{"learn":[-2.304494395],"iteration":800,"passed_time":527.2442563,"remaining_time":130.9882734},
{"learn":[-2.304435786],"iteration":801,"passed_time":527.8294895,"remaining_time":130.3120186},
{"learn":[-2.304272608],"iteration":802,"passed_time":528.5465801,"remaining_time":129.6683391},
{"learn":[-2.304075879],"iteration":803,"passed_time":529.2216314,"remaining_time":129.0142286},
{"learn":[-2.303911765],"iteration":804,"passed_time":529.836158,"remaining_time":128.3454047},
{"learn":[-2.303746266],"iteration":805,"passed_time":530.4892463,"remaining_time":127.6859973},
{"learn":[-2.303432343],"iteration":806,"passed_time":531.121242,"remaining_time":127.021561},
{"learn":[-2.303268615],"iteration":807,"passed_time":531.8121249,"remaining_time":126.371198},
{"learn":[-2.303134009],"iteration":808,"passed_time":532.4720227,"remaining_time":125.7134195},
{"learn":[-2.303014217],"iteration":809,"passed_time":533.0878346,"remaining_time":125.0452945},
{"learn":[-2.302916839],"iteration":810,"passed_time":533.706177,"remaining_time":124.3778883},
{"learn":[-2.302886259],"iteration":811,"passed_time":534.375051,"remaining_time":123.7223024},
{"learn":[-2.302795959],"iteration":812,"passed_time":535.062834,"remaining_time":123.0710332},
{"learn":[-2.302671374],"iteration":813,"passed_time":535.745268,"remaining_time":122.4184519},
{"learn":[-2.302546034],"iteration":814,"passed_time":536.3929108,"remaining_time":121.7579},
{"learn":[-2.30233788],"iteration":815,"passed_time":537.0729757,"remaining_time":121.1046906},
{"learn":[-2.302226729],"iteration":816,"passed_time":537.7024685,"remaining_time":120.4400878},
{"learn":[-2.302055187],"iteration":817,"passed_time":538.3875183,"remaining_time":119.787932},
{"learn":[-2.302051137],"iteration":818,"passed_time":538.9325923,"remaining_time":119.1047609},
{"learn":[-2.30171358],"iteration":819,"passed_time":539.5495812,"remaining_time":118.4377129},
{"learn":[-2.301575625],"iteration":820,"passed_time":540.195165,"remaining_time":117.7770213},
{"learn":[-2.301365788],"iteration":821,"passed_time":540.8503132,"remaining_time":117.1184376},
{"learn":[-2.301124561],"iteration":822,"passed_time":541.4886485,"remaining_time":116.4562464},
{"learn":[-2.30109402],"iteration":823,"passed_time":542.2070861,"remaining_time":115.8112223},
{"learn":[-2.301025337],"iteration":824,"passed_time":542.8582762,"remaining_time":115.1517556},
{"learn":[-2.300785532],"iteration":825,"passed_time":543.5563085,"remaining_time":114.5021764},
{"learn":[-2.300775002],"iteration":826,"passed_time":544.1187278,"remaining_time":113.8241111},
{"learn":[-2.300565449],"iteration":827,"passed_time":544.8356399,"remaining_time":113.178418},
{"learn":[-2.300424075],"iteration":828,"passed_time":545.5507121,"remaining_time":112.5321734},
{"learn":[-2.300314594],"iteration":829,"passed_time":546.2073702,"remaining_time":111.8737987},
{"learn":[-2.300224652],"iteration":830,"passed_time":546.9011569,"remaining_time":111.222979},
{"learn":[-2.300214658],"iteration":831,"passed_time":547.4473606,"remaining_time":110.5422555},
{"learn":[-2.300204008],"iteration":832,"passed_time":547.9693958,"remaining_time":109.8570097},
{"learn":[-2.30001417],"iteration":833,"passed_time":548.6838675,"remaining_time":109.210458},
{"learn":[-2.299921821],"iteration":834,"passed_time":549.324077,"remaining_time":108.5490691},
{"learn":[-2.299780733],"iteration":835,"passed_time":549.9704188,"remaining_time":107.8889338},
{"learn":[-2.299483264],"iteration":836,"passed_time":550.6086094,"remaining_time":107.2272441},
{"learn":[-2.299303249],"iteration":837,"passed_time":551.269395,"remaining_time":106.5699785},
{"learn":[-2.299266749],"iteration":838,"passed_time":551.9072383,"remaining_time":105.908302},
{"learn":[-2.298976334],"iteration":839,"passed_time":552.564709,"remaining_time":105.2504208},
{"learn":[-2.298783247],"iteration":840,"passed_time":553.2446138,"remaining_time":104.5967819},
{"learn":[-2.298687507],"iteration":841,"passed_time":553.9262878,"remaining_time":103.9434127},
{"learn":[-2.298533567],"iteration":842,"passed_time":554.5746556,"remaining_time":103.2837733},
{"learn":[-2.298495764],"iteration":843,"passed_time":555.1601308,"remaining_time":102.612536},
{"learn":[-2.298447257],"iteration":844,"passed_time":555.8003021,"remaining_time":101.9515347},
{"learn":[-2.298230861],"iteration":845,"passed_time":556.5073445,"remaining_time":101.3027554},
{"learn":[-2.298134563],"iteration":846,"passed_time":557.1549807,"remaining_time":100.6431075},
{"learn":[-2.297858837],"iteration":847,"passed_time":557.8448101,"remaining_time":99.99105087},
{"learn":[-2.29769096],"iteration":848,"passed_time":558.5545807,"remaining_time":99.34245194},
{"learn":[-2.297682474],"iteration":849,"passed_time":559.115671,"remaining_time":98.66747134},
{"learn":[-2.297502929],"iteration":850,"passed_time":559.7719921,"remaining_time":98.00943223},
{"learn":[-2.297380321],"iteration":851,"passed_time":560.4346107,"remaining_time":97.35249107},
{"learn":[-2.297292072],"iteration":852,"passed_time":561.1050757,"remaining_time":96.69688878},
{"learn":[-2.297168521],"iteration":853,"passed_time":561.7693341,"remaining_time":96.0401906},
{"learn":[-2.297048832],"iteration":854,"passed_time":562.4256085,"remaining_time":95.38212073},
{"learn":[-2.296895484],"iteration":855,"passed_time":563.0850564,"remaining_time":94.72458893},
{"learn":[-2.296733269],"iteration":856,"passed_time":563.7461848,"remaining_time":94.06733305},
{"learn":[-2.29657885],"iteration":857,"passed_time":564.4101478,"remaining_time":93.41053728},
{"learn":[-2.296487548],"iteration":858,"passed_time":565.0570053,"remaining_time":92.75091704},
{"learn":[-2.296486626],"iteration":859,"passed_time":565.563362,"remaining_time":92.06845428},
{"learn":[-2.296339746],"iteration":860,"passed_time":566.2575069,"remaining_time":91.41671713},
{"learn":[-2.296274459],"iteration":861,"passed_time":566.906903,"remaining_time":90.75771765},
{"learn":[-2.29622565],"iteration":862,"passed_time":567.6146939,"remaining_time":90.10801051},
{"learn":[-2.296144038],"iteration":863,"passed_time":568.3203232,"remaining_time":89.45782864},
{"learn":[-2.296010665],"iteration":864,"passed_time":569.0140087,"remaining_time":88.80565454},
{"learn":[-2.295894364],"iteration":865,"passed_time":569.8065743,"remaining_time":88.1686847},
{"learn":[-2.295668642],"iteration":866,"passed_time":570.4445245,"remaining_time":87.50763755},
{"learn":[-2.295592964],"iteration":867,"passed_time":571.1029331,"remaining_time":86.8497548},
{"learn":[-2.295397553],"iteration":868,"passed_time":571.7612102,"remaining_time":86.19185102},
{"learn":[-2.295256643],"iteration":869,"passed_time":572.3905771,"remaining_time":85.52962647},
{"learn":[-2.295095583],"iteration":870,"passed_time":573.0457523,"remaining_time":84.87129971},
{"learn":[-2.294937492],"iteration":871,"passed_time":573.730701,"remaining_time":84.2173506},
{"learn":[-2.294834234],"iteration":872,"passed_time":574.3877548,"remaining_time":83.55927246},
{"learn":[-2.294692849],"iteration":873,"passed_time":575.077207,"remaining_time":82.90586738},
{"learn":[-2.294688688],"iteration":874,"passed_time":575.6446212,"remaining_time":82.23494589},
{"learn":[-2.294592953],"iteration":875,"passed_time":576.3378729,"remaining_time":81.58207333},
{"learn":[-2.294399311],"iteration":876,"passed_time":577.0457126,"remaining_time":80.93115467},
{"learn":[-2.294268347],"iteration":877,"passed_time":577.7015385,"remaining_time":80.27287893},
{"learn":[-2.294086215],"iteration":878,"passed_time":578.3687824,"remaining_time":79.61618051},
{"learn":[-2.293900219],"iteration":879,"passed_time":579.0847798,"remaining_time":78.96610634},
{"learn":[-2.29372473],"iteration":880,"passed_time":579.7263816,"remaining_time":78.30583361},
{"learn":[-2.293538111],"iteration":881,"passed_time":580.4232569,"remaining_time":77.65299809},
{"learn":[-2.293267986],"iteration":882,"passed_time":581.1330894,"remaining_time":77.00177968},
{"learn":[-2.293097821],"iteration":883,"passed_time":581.7714353,"remaining_time":76.34104807},
{"learn":[-2.292841241],"iteration":884,"passed_time":582.4403224,"remaining_time":75.68433568},
{"learn":[-2.292785746],"iteration":885,"passed_time":583.1381927,"remaining_time":75.03132502},
{"learn":[-2.292596355],"iteration":886,"passed_time":583.7983561,"remaining_time":74.37340951},
{"learn":[-2.292461836],"iteration":887,"passed_time":584.4825544,"remaining_time":73.71852038},
{"learn":[-2.292288509],"iteration":888,"passed_time":585.1351318,"remaining_time":73.05961713},
{"learn":[-2.292179594],"iteration":889,"passed_time":585.7811589,"remaining_time":72.39991851},
{"learn":[-2.292106508],"iteration":890,"passed_time":586.4326613,"remaining_time":71.74092041},
{"learn":[-2.291935347],"iteration":891,"passed_time":587.1587162,"remaining_time":71.09096564},
{"learn":[-2.291530437],"iteration":892,"passed_time":587.8867384,"remaining_time":70.44107616},
{"learn":[-2.29141138],"iteration":893,"passed_time":588.5888801,"remaining_time":69.78794328},
{"learn":[-2.291275017],"iteration":894,"passed_time":589.2420377,"remaining_time":69.12895415},
{"learn":[-2.291050321],"iteration":895,"passed_time":589.9466281,"remaining_time":68.4759479},
{"learn":[-2.290969867],"iteration":896,"passed_time":590.599534,"remaining_time":67.81689187},
{"learn":[-2.290811261],"iteration":897,"passed_time":591.3355752,"remaining_time":67.16729251},
{"learn":[-2.290634415],"iteration":898,"passed_time":592.0341059,"remaining_time":66.51328665},
{"learn":[-2.290246948],"iteration":899,"passed_time":592.6788898,"remaining_time":65.85320998},
{"learn":[-2.290129691],"iteration":900,"passed_time":593.2999207,"remaining_time":65.19055733},
{"learn":[-2.289811111],"iteration":901,"passed_time":593.9619988,"remaining_time":64.53245663},
{"learn":[-2.289689735],"iteration":902,"passed_time":594.6600141,"remaining_time":63.8782075},
{"learn":[-2.289553555],"iteration":903,"passed_time":595.3817092,"remaining_time":63.2263762},
{"learn":[-2.289367445],"iteration":904,"passed_time":596.066785,"remaining_time":62.57054649},
{"learn":[-2.289196585],"iteration":905,"passed_time":596.715865,"remaining_time":61.91091756},
{"learn":[-2.288968937],"iteration":906,"passed_time":597.4267331,"remaining_time":61.25764739},
{"learn":[-2.28878976],"iteration":907,"passed_time":598.1274621,"remaining_time":60.60322304},
{"learn":[-2.288620545],"iteration":908,"passed_time":598.7800569,"remaining_time":59.94387808},
{"learn":[-2.288438948],"iteration":909,"passed_time":599.441113,"remaining_time":59.2853848},
{"learn":[-2.288126245],"iteration":910,"passed_time":600.1218507,"remaining_time":58.62880868},
{"learn":[-2.288100488],"iteration":911,"passed_time":600.7603607,"remaining_time":57.96810498},
{"learn":[-2.288039303],"iteration":912,"passed_time":601.4105388,"remaining_time":57.30856175},
{"learn":[-2.28791474],"iteration":913,"passed_time":602.1024644,"remaining_time":56.65296711},
{"learn":[-2.287736834],"iteration":914,"passed_time":602.7516948,"remaining_time":55.99332684},
{"learn":[-2.287604806],"iteration":915,"passed_time":603.4447678,"remaining_time":55.33772979},
{"learn":[-2.287506867],"iteration":916,"passed_time":604.1100409,"remaining_time":54.67953478},
{"learn":[-2.287484271],"iteration":917,"passed_time":604.7168379,"remaining_time":54.01610099},
{"learn":[-2.287308173],"iteration":918,"passed_time":605.3645658,"remaining_time":53.35639807},
{"learn":[-2.287141911],"iteration":919,"passed_time":606.0516569,"remaining_time":52.70014408},
{"learn":[-2.286945532],"iteration":920,"passed_time":606.7565194,"remaining_time":52.04534748},
{"learn":[-2.28671254],"iteration":921,"passed_time":607.4284497,"remaining_time":51.38765627},
{"learn":[-2.286623971],"iteration":922,"passed_time":608.0712923,"remaining_time":50.72750759},
{"learn":[-2.286577296],"iteration":923,"passed_time":608.722541,"remaining_time":50.06808779},
{"learn":[-2.286469906],"iteration":924,"passed_time":609.4329732,"remaining_time":49.41348432},
{"learn":[-2.286174261],"iteration":925,"passed_time":610.0799445,"remaining_time":48.75368887},
{"learn":[-2.286033903],"iteration":926,"passed_time":610.7063435,"remaining_time":48.09230105},
{"learn":[-2.285914288],"iteration":927,"passed_time":611.3677666,"remaining_time":47.43370603},
{"learn":[-2.285861796],"iteration":928,"passed_time":612.0278446,"remaining_time":46.77500211},
{"learn":[-2.285854427],"iteration":929,"passed_time":612.6454488,"remaining_time":46.1130983},
{"learn":[-2.285647976],"iteration":930,"passed_time":613.2668672,"remaining_time":45.45157233},
{"learn":[-2.285642679],"iteration":931,"passed_time":613.7881886,"remaining_time":44.78282921},
{"learn":[-2.285611412],"iteration":932,"passed_time":614.4499334,"remaining_time":44.12448611},
{"learn":[-2.28553486],"iteration":933,"passed_time":615.1142776,"remaining_time":43.4663194},
{"learn":[-2.285101452],"iteration":934,"passed_time":615.773015,"remaining_time":42.80774971},
{"learn":[-2.284939163],"iteration":935,"passed_time":616.4761804,"remaining_time":42.15221746},
{"learn":[-2.284861398],"iteration":936,"passed_time":617.169285,"remaining_time":41.4959071},
{"learn":[-2.284771894],"iteration":937,"passed_time":617.8711653,"remaining_time":40.84009835},
{"learn":[-2.284667443],"iteration":938,"passed_time":618.5599373,"remaining_time":40.18333991},
{"learn":[-2.284498887],"iteration":939,"passed_time":619.2543881,"remaining_time":39.52687584},
{"learn":[-2.28434926],"iteration":940,"passed_time":619.8959672,"remaining_time":38.86701601},
{"learn":[-2.284231697],"iteration":941,"passed_time":620.5470382,"remaining_time":38.20777942},
{"learn":[-2.28409899],"iteration":942,"passed_time":621.2062824,"remaining_time":37.54905419},
{"learn":[-2.283948338],"iteration":943,"passed_time":621.8454734,"remaining_time":36.88913825},
{"learn":[-2.28393227],"iteration":944,"passed_time":622.4880123,"remaining_time":36.22946103},
{"learn":[-2.283771097],"iteration":945,"passed_time":623.1438118,"remaining_time":35.57057699},
{"learn":[-2.283738861],"iteration":946,"passed_time":623.7918942,"remaining_time":34.91126758},
{"learn":[-2.283436012],"iteration":947,"passed_time":624.4523877,"remaining_time":34.25266262},
{"learn":[-2.283313445],"iteration":948,"passed_time":625.0745312,"remaining_time":33.59199272},
{"learn":[-2.283272446],"iteration":949,"passed_time":625.6624375,"remaining_time":32.92960197},
{"learn":[-2.283267081],"iteration":950,"passed_time":626.2174249,"remaining_time":32.26567173},
{"learn":[-2.283259433],"iteration":951,"passed_time":626.7415503,"remaining_time":31.6004143},
{"learn":[-2.282903493],"iteration":952,"passed_time":627.4506932,"remaining_time":30.94457773},
{"learn":[-2.282827099],"iteration":953,"passed_time":628.1087398,"remaining_time":30.28616565},
{"learn":[-2.282755022],"iteration":954,"passed_time":628.7490502,"remaining_time":29.62691859},
{"learn":[-2.282483946],"iteration":955,"passed_time":629.4135719,"remaining_time":28.96882549},
{"learn":[-2.282390456],"iteration":956,"passed_time":630.0652951,"remaining_time":28.31014388},
{"learn":[-2.282234852],"iteration":957,"passed_time":630.7193411,"remaining_time":27.65157863},
{"learn":[-2.282152976],"iteration":958,"passed_time":631.3658401,"remaining_time":26.99270015},
{"learn":[-2.281840408],"iteration":959,"passed_time":632.0226568,"remaining_time":26.33427737},
{"learn":[-2.281697059],"iteration":960,"passed_time":632.744511,"remaining_time":25.67849733},
{"learn":[-2.281614872],"iteration":961,"passed_time":633.3958188,"remaining_time":25.01979326},
{"learn":[-2.281576665],"iteration":962,"passed_time":633.942067,"remaining_time":24.35706799},
{"learn":[-2.281281695],"iteration":963,"passed_time":634.5735469,"remaining_time":23.69776731},
{"learn":[-2.28116031],"iteration":964,"passed_time":635.2173136,"remaining_time":23.03896992},
{"learn":[-2.280837274],"iteration":965,"passed_time":635.9004239,"remaining_time":22.38158842},
{"learn":[-2.280638687],"iteration":966,"passed_time":636.6068859,"remaining_time":21.72495061},
{"learn":[-2.280329521],"iteration":967,"passed_time":637.2658838,"remaining_time":21.06664079},
{"learn":[-2.279950646],"iteration":968,"passed_time":637.9790535,"remaining_time":20.4100626},
{"learn":[-2.279614828],"iteration":969,"passed_time":638.6496492,"remaining_time":19.75205101},
{"learn":[-2.279558523],"iteration":970,"passed_time":639.2806211,"remaining_time":19.09283009},
{"learn":[-2.279553476],"iteration":971,"passed_time":639.8593232,"remaining_time":18.43216157},
{"learn":[-2.279510856],"iteration":972,"passed_time":640.4651689,"remaining_time":17.77241476},
{"learn":[-2.279443086],"iteration":973,"passed_time":641.113562,"remaining_time":17.11391439},
{"learn":[-2.279321466],"iteration":974,"passed_time":641.7554374,"remaining_time":16.45526763},
{"learn":[-2.279170768],"iteration":975,"passed_time":642.4570792,"remaining_time":15.7981249},
{"learn":[-2.278813404],"iteration":976,"passed_time":643.1407846,"remaining_time":15.14046883},
{"learn":[-2.278640962],"iteration":977,"passed_time":643.8298731,"remaining_time":14.48288058},
{"learn":[-2.278412335],"iteration":978,"passed_time":644.4975305,"remaining_time":13.82476827},
{"learn":[-2.278270689],"iteration":979,"passed_time":645.1590963,"remaining_time":13.16651217},
{"learn":[-2.278182371],"iteration":980,"passed_time":645.8698737,"remaining_time":12.50920245},
{"learn":[-2.278179112],"iteration":981,"passed_time":646.4158375,"remaining_time":11.84876281},
{"learn":[-2.278035058],"iteration":982,"passed_time":647.0749794,"remaining_time":11.19051338},
{"learn":[-2.277971976],"iteration":983,"passed_time":647.7771085,"remaining_time":10.53296111},
{"learn":[-2.277792532],"iteration":984,"passed_time":648.4402978,"remaining_time":9.874725347},
{"learn":[-2.277653744],"iteration":985,"passed_time":649.0936431,"remaining_time":9.21633976},
{"learn":[-2.27764399],"iteration":986,"passed_time":649.662574,"remaining_time":8.556852546},
{"learn":[-2.27759833],"iteration":987,"passed_time":650.3305978,"remaining_time":7.8987522},
{"learn":[-2.277410661],"iteration":988,"passed_time":651.0294098,"remaining_time":7.240974224},
{"learn":[-2.277306125],"iteration":989,"passed_time":651.7418371,"remaining_time":6.58325088},
{"learn":[-2.277136787],"iteration":990,"passed_time":652.3924674,"remaining_time":5.92485591},
{"learn":[-2.277039865],"iteration":991,"passed_time":653.088956,"remaining_time":5.266846419},
{"learn":[-2.276896125],"iteration":992,"passed_time":653.7396608,"remaining_time":4.608436683},
{"learn":[-2.27665226],"iteration":993,"passed_time":654.3710185,"remaining_time":3.949925665},
{"learn":[-2.276483172],"iteration":994,"passed_time":655.0118748,"remaining_time":3.291516959},
{"learn":[-2.276246033],"iteration":995,"passed_time":655.6268127,"remaining_time":2.633039409},
{"learn":[-2.276201977],"iteration":996,"passed_time":656.3121606,"remaining_time":1.974861065},
{"learn":[-2.276067421],"iteration":997,"passed_time":657.0202287,"remaining_time":1.316673805},
{"learn":[-2.275891581],"iteration":998,"passed_time":657.6261915,"remaining_time":0.6582844759},
{"learn":[-2.275815876],"iteration":999,"passed_time":658.2977105,"remaining_time":0}
]}